{"loss": [0.07015509158372879, 0.02209681086242199, 0.019718557596206665, 0.01925807073712349, 0.019205782562494278, 0.018615135923027992, 0.01807662844657898, 0.01813858188688755, 0.017810413613915443, 0.017004206776618958, 0.017148399725556374, 0.016906356438994408, 0.0171559676527977, 0.016801001504063606, 0.01692425273358822, 0.016881950199604034, 0.016521945595741272, 0.01626555621623993, 0.016316508874297142, 0.016386020928621292, 0.016326015815138817, 0.016274580731987953, 0.016264332458376884, 0.01612357422709465, 0.016115520149469376, 0.015995917841792107, 0.016088642179965973, 0.01588641293346882, 0.015779877081513405, 0.01617155410349369, 0.01579906977713108, 0.015799837186932564, 0.015691515058279037, 0.0153962979093194, 0.015300193801522255, 0.01571991667151451, 0.015743957832455635, 0.015353568829596043, 0.015268647111952305, 0.015672437846660614, 0.01517057977616787, 0.0154629060998559, 0.015400960110127926, 0.015254375524818897, 0.015341445803642273, 0.015235628932714462, 0.015458197332918644, 0.015013149008154869, 0.015011325478553772, 0.015469476580619812, 0.015123920515179634, 0.0149009358137846, 0.01556577067822218, 0.015023263171315193, 0.014763150364160538, 0.014830137602984905, 0.014811155386269093, 0.014793799258768559, 0.014810409396886826, 0.01490253210067749, 0.015072084963321686, 0.014848174527287483, 0.014834582805633545, 0.014657334424555302, 0.014707375317811966, 0.014721514657139778, 0.014673016034066677, 0.014599276706576347, 0.014765885658562183, 0.014554185792803764, 0.01450268179178238, 0.014643403701484203, 0.014631821773946285, 0.014782567508518696, 0.01467059925198555, 0.014710640534758568, 0.014443693682551384, 0.014544287696480751, 0.014529318548738956, 0.014347365126013756, 0.01472184993326664, 0.014549876563251019, 0.014558767899870872, 0.014357620850205421, 0.014393744990229607, 0.014426552690565586, 0.014434085227549076, 0.014283007010817528, 0.014332021586596966, 0.01432308740913868, 0.014479730278253555, 0.014434254728257656, 0.01417518500238657, 0.01425029058009386, 0.01427657250314951, 0.014268575236201286, 0.014196119271218777, 0.014406928792595863, 0.014197282493114471, 0.014355527237057686], "val_loss": [0.14624734222888947, 0.12904302775859833, 0.11076823621988297, 0.08293161541223526, 0.05006467550992966, 0.035683561116456985, 0.030665498226881027, 0.023078080266714096, 0.018512798473238945, 0.01671174354851246, 0.016780897974967957, 0.017665276303887367, 0.01633043773472309, 0.017196310684084892, 0.017125535756349564, 0.01617010310292244, 0.016084659844636917, 0.016479553654789925, 0.015934327617287636, 0.016495121642947197, 0.015788445249199867, 0.01646355167031288, 0.016723809763789177, 0.016635170206427574, 0.01584540121257305, 0.017680393531918526, 0.017033617943525314, 0.01570711098611355, 0.01583952084183693, 0.015360063873231411, 0.015856217592954636, 0.01643621362745762, 0.015393043868243694, 0.015014227479696274, 0.016387779265642166, 0.015326978638768196, 0.015435071662068367, 0.01572895236313343, 0.01678650826215744, 0.014985376037657261, 0.016048213467001915, 0.01673843339085579, 0.016855400055646896, 0.015725966542959213, 0.014934718608856201, 0.015397189185023308, 0.01563667319715023, 0.015342144295573235, 0.015150465071201324, 0.0161226037889719, 0.014795363880693913, 0.0158834271132946, 0.0164281465113163, 0.014836905524134636, 0.015636546537280083, 0.015181411989033222, 0.014962121844291687, 0.015020342543721199, 0.016543986275792122, 0.016535071656107903, 0.01609080098569393, 0.015762466937303543, 0.015174424275755882, 0.014856199733912945, 0.01552510540932417, 0.014642557129263878, 0.015393683686852455, 0.0159318745136261, 0.015062090009450912, 0.014562457799911499, 0.014791931957006454, 0.01460775826126337, 0.015538973733782768, 0.014922377653419971, 0.015338626690208912, 0.015133016742765903, 0.015234391205012798, 0.014894518069922924, 0.01457261573523283, 0.014981766231358051, 0.014437145553529263, 0.016402579843997955, 0.014769150875508785, 0.014509935863316059, 0.014546869322657585, 0.015119840390980244, 0.015078788623213768, 0.014604712836444378, 0.014797213487327099, 0.014778702519834042, 0.015134595334529877, 0.014538239687681198, 0.014489117078483105, 0.014372747391462326, 0.014785965904593468, 0.01447132509201765, 0.015209986828267574, 0.014491936191916466, 0.014679978601634502, 0.014828796498477459], "lr": [0.0010000000474974513, 0.0010000000474974513, 0.0010000000474974513, 0.0010000000474974513, 0.0010000000474974513, 0.0010000000474974513, 0.0010000000474974513, 0.0010000000474974513, 0.0010000000474974513, 0.0010000000474974513, 0.0010000000474974513, 0.0010000000474974513, 0.0010000000474974513, 0.0010000000474974513, 0.0010000000474974513, 0.0010000000474974513, 0.0010000000474974513, 0.0010000000474974513, 0.0010000000474974513, 0.0010000000474974513, 0.0010000000474974513, 0.0010000000474974513, 0.0010000000474974513, 0.0010000000474974513, 0.0010000000474974513, 0.0010000000474974513, 0.0010000000474974513, 0.0010000000474974513, 0.0010000000474974513, 0.0010000000474974513, 0.0010000000474974513, 0.0010000000474974513, 0.0010000000474974513, 0.0010000000474974513, 0.0010000000474974513, 0.0010000000474974513, 0.0010000000474974513, 0.0010000000474974513, 0.0010000000474974513, 0.0010000000474974513, 0.0010000000474974513, 0.0010000000474974513, 0.0010000000474974513, 0.0010000000474974513, 0.0010000000474974513, 0.0010000000474974513, 0.0010000000474974513, 0.0010000000474974513, 0.0010000000474974513, 0.0010000000474974513, 0.0010000000474974513, 0.0010000000474974513, 0.0010000000474974513, 0.0010000000474974513, 0.0010000000474974513, 0.0010000000474974513, 0.0010000000474974513, 0.0010000000474974513, 0.0010000000474974513, 0.0010000000474974513, 0.0010000000474974513, 0.0010000000474974513, 0.0010000000474974513, 0.0010000000474974513, 0.0010000000474974513, 0.0010000000474974513, 0.0010000000474974513, 0.0010000000474974513, 0.0010000000474974513, 0.0010000000474974513, 0.0010000000474974513, 0.0010000000474974513, 0.0010000000474974513, 0.0010000000474974513, 0.0010000000474974513, 0.0010000000474974513, 0.0010000000474974513, 0.0010000000474974513, 0.0010000000474974513, 0.0010000000474974513, 0.0010000000474974513, 0.0010000000474974513, 0.0010000000474974513, 0.0010000000474974513, 0.0010000000474974513, 0.0010000000474974513, 0.0010000000474974513, 0.0010000000474974513, 0.0010000000474974513, 0.0010000000474974513, 0.0010000000474974513, 0.0010000000474974513, 0.0010000000474974513, 0.0010000000474974513, 0.0010000000474974513, 0.0010000000474974513, 0.0010000000474974513, 0.0010000000474974513, 0.0010000000474974513, 0.0010000000474974513]}