{"loss": [0.07863742858171463, 0.024721303954720497, 0.021783584728837013, 0.021486926823854446, 0.020408879965543747, 0.020074669271707535, 0.019626257941126823, 0.01924256794154644, 0.019698964431881905, 0.018677741289138794, 0.018500838428735733, 0.018307795748114586, 0.01823614351451397, 0.018299462273716927, 0.01842718943953514, 0.018051637336611748, 0.017905741930007935, 0.017943311482667923, 0.017598049715161324, 0.017510375007987022, 0.017674749717116356, 0.0173256304115057, 0.017612552270293236, 0.01707894541323185, 0.01717350073158741, 0.01805783249437809, 0.01730470359325409, 0.016999296844005585, 0.017234889790415764, 0.017065128311514854, 0.01671503111720085, 0.01695903204381466, 0.01688458025455475, 0.016915543004870415, 0.01704936847090721, 0.016986416652798653, 0.01700388640165329, 0.016705073416233063, 0.01681498996913433, 0.01674700900912285, 0.01672031730413437, 0.016634853556752205, 0.016602028161287308, 0.016454705968499184, 0.016440024599432945, 0.01630825735628605, 0.016347048804163933, 0.01611226610839367, 0.016210144385695457, 0.0164063461124897, 0.016203051432967186, 0.016303671523928642, 0.016142956912517548, 0.01640300638973713, 0.016289066523313522, 0.0161729883402586, 0.01623718813061714, 0.015951359644532204, 0.016144616529345512, 0.01600128598511219, 0.0158904530107975, 0.016002988442778587, 0.015914952382445335, 0.015924807637929916, 0.01590445265173912, 0.01590958796441555, 0.01579948514699936, 0.015872059389948845, 0.015723777934908867, 0.01576048694550991, 0.015831155702471733, 0.01576642133295536, 0.015991883352398872, 0.0157023873180151, 0.015630971640348434, 0.015602021478116512, 0.015653962269425392, 0.01558270025998354, 0.015684034675359726, 0.015421329066157341, 0.015657693147659302, 0.015422618947923183, 0.015716342255473137, 0.015511557459831238, 0.015543432906270027, 0.01552277896553278, 0.015422859229147434, 0.01552138477563858, 0.015439395792782307, 0.015486895106732845, 0.015293283388018608, 0.015515894629061222, 0.015632331371307373, 0.015255880542099476, 0.015311376191675663, 0.015362396836280823, 0.015387753024697304, 0.015339928679168224, 0.015232628211379051, 0.015178856439888477], "val_loss": [0.17051967978477478, 0.1725371778011322, 0.14921395480632782, 0.11396466940641403, 0.0839824303984642, 0.05256792530417442, 0.035487908869981766, 0.027082575485110283, 0.02120223268866539, 0.019052628427743912, 0.019540758803486824, 0.018750598654150963, 0.019085464999079704, 0.019112320616841316, 0.018132835626602173, 0.01842942275106907, 0.017386483028531075, 0.018788225948810577, 0.017863020300865173, 0.01880533993244171, 0.01968790404498577, 0.017208397388458252, 0.01743396557867527, 0.017564892768859863, 0.01891057938337326, 0.017894631251692772, 0.017500219866633415, 0.0183417908847332, 0.018067816272377968, 0.01670982502400875, 0.017508655786514282, 0.017315903678536415, 0.017428943887352943, 0.016945457085967064, 0.01783658377826214, 0.017450833693146706, 0.016565244644880295, 0.016925303265452385, 0.016666777431964874, 0.017070883885025978, 0.016797274351119995, 0.016373252496123314, 0.016439516097307205, 0.01698196493089199, 0.017844026908278465, 0.016405703499913216, 0.016279127448797226, 0.01621750369668007, 0.016772683709859848, 0.01666547730565071, 0.016300151124596596, 0.016978615894913673, 0.01685582846403122, 0.01648990623652935, 0.016786541789770126, 0.01677531562745571, 0.016124213114380836, 0.017019206658005714, 0.01741168089210987, 0.015899403020739555, 0.015822244808077812, 0.016037745401263237, 0.016022101044654846, 0.016299914568662643, 0.015890223905444145, 0.015872197225689888, 0.01586899720132351, 0.01643688976764679, 0.016683893278241158, 0.0158919095993042, 0.016022447496652603, 0.016310304403305054, 0.015890592709183693, 0.015872975811362267, 0.016173439100384712, 0.016025856137275696, 0.015759585425257683, 0.015594841912388802, 0.015633374452590942, 0.016163673251867294, 0.016300367191433907, 0.015946222469210625, 0.015941308811306953, 0.016133198514580727, 0.01633305847644806, 0.016255365684628487, 0.015656469389796257, 0.015494903549551964, 0.016195330768823624, 0.01570081152021885, 0.015577771700918674, 0.01565539836883545, 0.016057822853326797, 0.015759442001581192, 0.015386258251965046, 0.016008220613002777, 0.016226986423134804, 0.01575341448187828, 0.015590394847095013, 0.015441065654158592], "lr": [0.0010000000474974513, 0.0010000000474974513, 0.0010000000474974513, 0.0010000000474974513, 0.0010000000474974513, 0.0010000000474974513, 0.0010000000474974513, 0.0010000000474974513, 0.0010000000474974513, 0.0010000000474974513, 0.0010000000474974513, 0.0010000000474974513, 0.0010000000474974513, 0.0010000000474974513, 0.0010000000474974513, 0.0010000000474974513, 0.0010000000474974513, 0.0010000000474974513, 0.0010000000474974513, 0.0010000000474974513, 0.0010000000474974513, 0.0010000000474974513, 0.0010000000474974513, 0.0010000000474974513, 0.0010000000474974513, 0.0010000000474974513, 0.0010000000474974513, 0.0010000000474974513, 0.0010000000474974513, 0.0010000000474974513, 0.0010000000474974513, 0.0010000000474974513, 0.0010000000474974513, 0.0010000000474974513, 0.0010000000474974513, 0.0010000000474974513, 0.0010000000474974513, 0.0010000000474974513, 0.0010000000474974513, 0.0010000000474974513, 0.0010000000474974513, 0.0010000000474974513, 0.0010000000474974513, 0.0010000000474974513, 0.0010000000474974513, 0.0010000000474974513, 0.0010000000474974513, 0.0010000000474974513, 0.0010000000474974513, 0.0010000000474974513, 0.0010000000474974513, 0.0010000000474974513, 0.0010000000474974513, 0.0010000000474974513, 0.0010000000474974513, 0.0010000000474974513, 0.0010000000474974513, 0.0010000000474974513, 0.0010000000474974513, 0.0010000000474974513, 0.0010000000474974513, 0.0010000000474974513, 0.0010000000474974513, 0.0010000000474974513, 0.0010000000474974513, 0.0010000000474974513, 0.0010000000474974513, 0.0010000000474974513, 0.0010000000474974513, 0.0010000000474974513, 0.0010000000474974513, 0.0010000000474974513, 0.0010000000474974513, 0.0010000000474974513, 0.0010000000474974513, 0.0010000000474974513, 0.0010000000474974513, 0.0010000000474974513, 0.0010000000474974513, 0.0010000000474974513, 0.0010000000474974513, 0.0010000000474974513, 0.0010000000474974513, 0.0010000000474974513, 0.0010000000474974513, 0.0010000000474974513, 0.0010000000474974513, 0.0010000000474974513, 0.0010000000474974513, 0.0010000000474974513, 0.0010000000474974513, 0.0010000000474974513, 0.0010000000474974513, 0.0010000000474974513, 0.0010000000474974513, 0.0010000000474974513, 0.0010000000474974513, 0.0010000000474974513, 0.0010000000474974513, 0.0010000000474974513]}