{"loss": [0.07410825788974762, 0.0214089322835207, 0.01956070400774479, 0.018456842750310898, 0.017804138362407684, 0.01728905364871025, 0.01762215420603752, 0.01700257509946823, 0.016901176422834396, 0.017199397087097168, 0.016484446823596954, 0.017005952075123787, 0.01629984751343727, 0.01591731607913971, 0.016328826546669006, 0.015795141458511353, 0.015794655308127403, 0.015662141144275665, 0.016091041266918182, 0.015731872990727425, 0.01586090214550495, 0.015597548335790634, 0.015695204958319664, 0.015381368808448315, 0.015446720644831657, 0.015668155625462532, 0.015095308423042297, 0.015156885609030724, 0.015058006159961224, 0.015292977914214134, 0.015262998640537262, 0.015007596462965012, 0.015421143732964993, 0.015048864297568798, 0.0151751097291708, 0.015069674700498581, 0.01473949570208788, 0.014708447270095348, 0.014951364137232304, 0.014658980071544647, 0.014898012392222881, 0.014811363071203232, 0.015181353315711021, 0.014543525874614716, 0.014376984909176826, 0.014348804950714111, 0.01453513465821743, 0.014307246543467045, 0.01466614380478859, 0.014539521187543869, 0.014604847878217697, 0.014696814119815826, 0.014321306720376015, 0.014365792274475098, 0.014666035771369934, 0.014439706690609455, 0.014446340501308441, 0.014399091713130474, 0.014357789419591427, 0.014330495148897171, 0.01400598045438528, 0.014077055267989635, 0.014121769927442074, 0.014027753844857216, 0.014333604834973812, 0.014230534434318542, 0.014246148057281971, 0.014195474795997143, 0.013964924030005932, 0.014325650408864021, 0.014306302182376385, 0.01386247854679823, 0.014150368049740791, 0.013960855081677437, 0.013964786194264889, 0.013841348700225353, 0.013885870575904846, 0.014323570765554905, 0.014101593755185604, 0.014201165176928043, 0.013835888355970383, 0.013953648507595062, 0.013838883489370346, 0.013949846848845482, 0.013985822908580303, 0.014064439572393894, 0.013910830952227116, 0.013758145272731781, 0.013767826370894909, 0.013975147157907486, 0.013722149655222893, 0.013863266445696354, 0.013739763759076595, 0.013566328212618828, 0.013654736801981926, 0.013778955675661564, 0.013647480867803097, 0.013731226325035095, 0.013530583120882511, 0.013709738850593567], "val_loss": [0.14013366401195526, 0.13077451288700104, 0.11004200577735901, 0.07335454225540161, 0.0479893758893013, 0.0338314063847065, 0.02281511388719082, 0.01910918764770031, 0.01794588752090931, 0.018783440813422203, 0.016168517991900444, 0.016978930681943893, 0.015731746330857277, 0.01632164977490902, 0.015887485817074776, 0.015357587486505508, 0.015536552295088768, 0.015425273217260838, 0.015717072412371635, 0.0174538716673851, 0.015590915456414223, 0.016142463311553, 0.015610016882419586, 0.015309958718717098, 0.015218394808471203, 0.014880145899951458, 0.014718323014676571, 0.015152023173868656, 0.016138635575771332, 0.015854934230446815, 0.014881948940455914, 0.015614700503647327, 0.015900636091828346, 0.014748754911124706, 0.015102274715900421, 0.015819353982806206, 0.014776498079299927, 0.014829670079052448, 0.015004126355051994, 0.015101894736289978, 0.017293568700551987, 0.014889921061694622, 0.015160860493779182, 0.014405813068151474, 0.014149492606520653, 0.014642258174717426, 0.015253675170242786, 0.015039600431919098, 0.015175088308751583, 0.014644893817603588, 0.014605501666665077, 0.014322938397526741, 0.01452316902577877, 0.014665471389889717, 0.014801413752138615, 0.01428894605487585, 0.014929759316146374, 0.01408361829817295, 0.014247851446270943, 0.014342615380883217, 0.015206602402031422, 0.013878471218049526, 0.014804773963987827, 0.01436337549239397, 0.014528456144034863, 0.014110098592936993, 0.014500577934086323, 0.014253106899559498, 0.014191382564604282, 0.015198679640889168, 0.014670089818537235, 0.01427309587597847, 0.014299297705292702, 0.014265614561736584, 0.013747029937803745, 0.013974346220493317, 0.013876955024898052, 0.014958001673221588, 0.01453403104096651, 0.014987366273999214, 0.014079526998102665, 0.01428647618740797, 0.01478384155780077, 0.013780548237264156, 0.014114411547780037, 0.014165871776640415, 0.014457582496106625, 0.014010069891810417, 0.014588428661227226, 0.014004784636199474, 0.015134286135435104, 0.01390126720070839, 0.014494971372187138, 0.013769532553851604, 0.01422636304050684, 0.013967332430183887, 0.014068557880818844, 0.013797878287732601, 0.013854652643203735, 0.013575790449976921], "lr": [0.0010000000474974513, 0.0010000000474974513, 0.0010000000474974513, 0.0010000000474974513, 0.0010000000474974513, 0.0010000000474974513, 0.0010000000474974513, 0.0010000000474974513, 0.0010000000474974513, 0.0010000000474974513, 0.0010000000474974513, 0.0010000000474974513, 0.0010000000474974513, 0.0010000000474974513, 0.0010000000474974513, 0.0010000000474974513, 0.0010000000474974513, 0.0010000000474974513, 0.0010000000474974513, 0.0010000000474974513, 0.0010000000474974513, 0.0010000000474974513, 0.0010000000474974513, 0.0010000000474974513, 0.0010000000474974513, 0.0010000000474974513, 0.0010000000474974513, 0.0010000000474974513, 0.0010000000474974513, 0.0010000000474974513, 0.0010000000474974513, 0.0010000000474974513, 0.0010000000474974513, 0.0010000000474974513, 0.0010000000474974513, 0.0010000000474974513, 0.0010000000474974513, 0.0010000000474974513, 0.0010000000474974513, 0.0010000000474974513, 0.0010000000474974513, 0.0010000000474974513, 0.0010000000474974513, 0.0010000000474974513, 0.0010000000474974513, 0.0010000000474974513, 0.0010000000474974513, 0.0010000000474974513, 0.0010000000474974513, 0.0010000000474974513, 0.0010000000474974513, 0.0010000000474974513, 0.0010000000474974513, 0.0010000000474974513, 0.0010000000474974513, 0.0010000000474974513, 0.0010000000474974513, 0.0010000000474974513, 0.0010000000474974513, 0.0010000000474974513, 0.0010000000474974513, 0.0010000000474974513, 0.0010000000474974513, 0.0010000000474974513, 0.0010000000474974513, 0.0010000000474974513, 0.0010000000474974513, 0.0010000000474974513, 0.0010000000474974513, 0.0010000000474974513, 0.0010000000474974513, 0.0010000000474974513, 0.0010000000474974513, 0.0010000000474974513, 0.0010000000474974513, 0.0010000000474974513, 0.0010000000474974513, 0.0010000000474974513, 0.0010000000474974513, 0.0010000000474974513, 0.0010000000474974513, 0.0010000000474974513, 0.0010000000474974513, 0.0010000000474974513, 0.0010000000474974513, 0.0010000000474974513, 0.0010000000474974513, 0.0010000000474974513, 0.0010000000474974513, 0.0010000000474974513, 0.0010000000474974513, 0.0010000000474974513, 0.0010000000474974513, 0.0010000000474974513, 0.0010000000474974513, 0.0010000000474974513, 0.0010000000474974513, 0.0010000000474974513, 0.0010000000474974513, 0.0010000000474974513]}