{"loss": [0.06960147619247437, 0.020999105647206306, 0.020033054053783417, 0.019082730636000633, 0.01865619234740734, 0.017723124474287033, 0.017127174884080887, 0.01699928566813469, 0.017609836533665657, 0.016537748277187347, 0.01632251963019371, 0.016565583646297455, 0.016619091853499413, 0.01623542234301567, 0.016578277572989464, 0.015611961483955383, 0.015764504671096802, 0.015515939332544804, 0.015591618604958057, 0.015721598640084267, 0.015621338970959187, 0.016397809609770775, 0.015902863815426826, 0.01504816859960556, 0.015512465499341488, 0.015236916020512581, 0.015375124290585518, 0.015200210735201836, 0.015168691985309124, 0.015229727141559124, 0.01522086001932621, 0.015057414770126343, 0.014867457561194897, 0.01488492265343666, 0.014768245629966259, 0.014867360703647137, 0.015008749440312386, 0.014828916639089584, 0.01452851016074419, 0.014519691467285156, 0.01466398872435093, 0.014331644400954247, 0.014555895701050758, 0.014863148331642151, 0.014866738580167294, 0.014608520083129406, 0.01435135304927826, 0.014647865667939186, 0.014352654106914997, 0.014437544159591198, 0.014318373054265976, 0.014659946784377098, 0.014169900678098202, 0.014281629584729671, 0.01441083662211895, 0.014241236262023449, 0.014261933974921703, 0.01425364799797535, 0.01429197657853365, 0.014172228053212166, 0.01425694115459919, 0.014146069064736366, 0.014059153385460377, 0.01402509119361639, 0.014162931591272354, 0.014191882684826851, 0.014124546200037003, 0.014074806123971939, 0.013886414468288422, 0.01386354025453329, 0.013962727971374989, 0.014227431267499924, 0.014006753452122211, 0.014007208868861198, 0.013902164995670319, 0.013919958844780922, 0.013748308643698692, 0.013947468250989914, 0.013976073823869228, 0.013871726579964161, 0.013633552938699722, 0.01395485270768404, 0.013989638537168503, 0.013876097276806831, 0.013823983259499073, 0.01380492839962244, 0.01362200453877449, 0.013555205427110195, 0.013726980425417423, 0.013828244991600513, 0.013784210197627544, 0.013889022171497345, 0.013667713850736618, 0.013593063689768314, 0.013542837463319302, 0.013674513436853886, 0.0137275829911232, 0.013546074740588665, 0.013543828390538692, 0.013554172590374947], "val_loss": [0.09681841731071472, 0.09700693935155869, 0.07930836826562881, 0.04914029315114021, 0.03915362432599068, 0.026762543246150017, 0.019008740782737732, 0.017605507746338844, 0.016938619315624237, 0.015852907672524452, 0.01737540401518345, 0.020705778151750565, 0.017822807654738426, 0.015951789915561676, 0.015588276088237762, 0.01589439995586872, 0.017437687143683434, 0.015271641314029694, 0.016345160081982613, 0.016709014773368835, 0.01631263457238674, 0.017889225855469704, 0.015390402637422085, 0.015305113047361374, 0.01565632037818432, 0.017425432801246643, 0.017951039597392082, 0.016589216887950897, 0.015226464718580246, 0.015344478189945221, 0.015393049456179142, 0.01483003981411457, 0.014352220110595226, 0.015106693841516972, 0.014532864093780518, 0.014986534602940083, 0.015070528723299503, 0.014818652532994747, 0.014635242521762848, 0.01440775953233242, 0.014232365414500237, 0.01423131674528122, 0.01475239172577858, 0.014725111424922943, 0.015611829236149788, 0.014623114839196205, 0.015038099139928818, 0.014585943892598152, 0.014282646588981152, 0.014584288001060486, 0.015004082582890987, 0.01406522374600172, 0.014720338396728039, 0.014863844029605389, 0.014648379758000374, 0.015064156614243984, 0.014635016210377216, 0.014358403161168098, 0.014516862109303474, 0.014325389638543129, 0.01454992312937975, 0.014107774011790752, 0.014268399216234684, 0.014054586179554462, 0.014438698068261147, 0.014555423520505428, 0.014647817239165306, 0.014451059512794018, 0.014003968797624111, 0.013803955167531967, 0.014993279241025448, 0.014233548194169998, 0.01472635380923748, 0.013966938480734825, 0.014222871512174606, 0.014228176325559616, 0.013802197761833668, 0.01424768939614296, 0.01441673468798399, 0.014831634238362312, 0.01543029211461544, 0.014662261120975018, 0.015005886554718018, 0.01445057988166809, 0.01427748054265976, 0.013895461335778236, 0.014056723564863205, 0.01361890695989132, 0.014475084841251373, 0.014027929864823818, 0.014717255719006062, 0.014673768542706966, 0.014487141743302345, 0.014185111038386822, 0.013790326192975044, 0.013880850747227669, 0.013808393850922585, 0.013844199478626251, 0.01357826218008995, 0.013545908965170383], "lr": [0.0010000000474974513, 0.0010000000474974513, 0.0010000000474974513, 0.0010000000474974513, 0.0010000000474974513, 0.0010000000474974513, 0.0010000000474974513, 0.0010000000474974513, 0.0010000000474974513, 0.0010000000474974513, 0.0010000000474974513, 0.0010000000474974513, 0.0010000000474974513, 0.0010000000474974513, 0.0010000000474974513, 0.0010000000474974513, 0.0010000000474974513, 0.0010000000474974513, 0.0010000000474974513, 0.0010000000474974513, 0.0010000000474974513, 0.0010000000474974513, 0.0010000000474974513, 0.0010000000474974513, 0.0010000000474974513, 0.0010000000474974513, 0.0010000000474974513, 0.0010000000474974513, 0.0010000000474974513, 0.0010000000474974513, 0.0010000000474974513, 0.0010000000474974513, 0.0010000000474974513, 0.0010000000474974513, 0.0010000000474974513, 0.0010000000474974513, 0.0010000000474974513, 0.0010000000474974513, 0.0010000000474974513, 0.0010000000474974513, 0.0010000000474974513, 0.0010000000474974513, 0.0010000000474974513, 0.0010000000474974513, 0.0010000000474974513, 0.0010000000474974513, 0.0010000000474974513, 0.0010000000474974513, 0.0010000000474974513, 0.0010000000474974513, 0.0010000000474974513, 0.0010000000474974513, 0.0010000000474974513, 0.0010000000474974513, 0.0010000000474974513, 0.0010000000474974513, 0.0010000000474974513, 0.0010000000474974513, 0.0010000000474974513, 0.0010000000474974513, 0.0010000000474974513, 0.0010000000474974513, 0.0010000000474974513, 0.0010000000474974513, 0.0010000000474974513, 0.0010000000474974513, 0.0010000000474974513, 0.0010000000474974513, 0.0010000000474974513, 0.0010000000474974513, 0.0010000000474974513, 0.0010000000474974513, 0.0010000000474974513, 0.0010000000474974513, 0.0010000000474974513, 0.0010000000474974513, 0.0010000000474974513, 0.0010000000474974513, 0.0010000000474974513, 0.0010000000474974513, 0.0010000000474974513, 0.0010000000474974513, 0.0010000000474974513, 0.0010000000474974513, 0.0010000000474974513, 0.0010000000474974513, 0.0010000000474974513, 0.0010000000474974513, 0.0010000000474974513, 0.0010000000474974513, 0.0010000000474974513, 0.0010000000474974513, 0.0010000000474974513, 0.0010000000474974513, 0.0010000000474974513, 0.0010000000474974513, 0.0010000000474974513, 0.0010000000474974513, 0.0010000000474974513, 0.0010000000474974513]}