{"loss": [0.06951398402452469, 0.021004097536206245, 0.019603503867983818, 0.01832306943833828, 0.01794164627790451, 0.01832227036356926, 0.017534611746668816, 0.016624830663204193, 0.016485532745718956, 0.016474779695272446, 0.016241829842329025, 0.01644202135503292, 0.01604001224040985, 0.016505418345332146, 0.01624256558716297, 0.015804553404450417, 0.016150638461112976, 0.015686945989727974, 0.01541325356811285, 0.015828045085072517, 0.015454375185072422, 0.01534237340092659, 0.01636354997754097, 0.015285802073776722, 0.015319575555622578, 0.015216069296002388, 0.015203623101115227, 0.015081127174198627, 0.015516234561800957, 0.015311802737414837, 0.015561766922473907, 0.015730898827314377, 0.0150106530636549, 0.014964436180889606, 0.015229549258947372, 0.014749058522284031, 0.014722701162099838, 0.014966480433940887, 0.015335618518292904, 0.014857280999422073, 0.014613810926675797, 0.014575017616152763, 0.014634981751441956, 0.01472585741430521, 0.014649280346930027, 0.014519354328513145, 0.01463647373020649, 0.014708696864545345, 0.014746813103556633, 0.01465732604265213, 0.014483851380646229, 0.014631561003625393, 0.014492685906589031, 0.014593302272260189, 0.014452846720814705, 0.014365258626639843, 0.014678518287837505, 0.014471902512013912, 0.014459867030382156, 0.014238699339330196, 0.014371396042406559, 0.014230234548449516, 0.014288499020040035, 0.014252668246626854, 0.014204734936356544, 0.01413571648299694, 0.014281501062214375, 0.014168177731335163, 0.014264165423810482, 0.014401029795408249, 0.014104891568422318, 0.014375275932252407, 0.013982788659632206, 0.014163036830723286, 0.013975831679999828, 0.014051465317606926, 0.014093718491494656, 0.014157960191369057, 0.013975197449326515, 0.013888080604374409, 0.014040878973901272, 0.01390281692147255, 0.013990607112646103, 0.014009114354848862, 0.014015388675034046, 0.013932762667536736, 0.014011592604219913, 0.013950454071164131, 0.013981874100863934, 0.014190861955285072, 0.013802380301058292, 0.013948490843176842, 0.013761870563030243, 0.013764912262558937, 0.013707560487091541, 0.013869051821529865, 0.013648259453475475, 0.013805332593619823, 0.0137514378875494, 0.013688438571989536], "val_loss": [0.14686384797096252, 0.14243702590465546, 0.12259738892316818, 0.08646175265312195, 0.05345652997493744, 0.03757162392139435, 0.022878965362906456, 0.021714407950639725, 0.017622191458940506, 0.016479618847370148, 0.016409223899245262, 0.01621321216225624, 0.019587019458413124, 0.01741696707904339, 0.015843436121940613, 0.01829644851386547, 0.015309527516365051, 0.015353995375335217, 0.01514375675469637, 0.015636146068572998, 0.015445590950548649, 0.014902670867741108, 0.015792779624462128, 0.015176476910710335, 0.015470956452190876, 0.014629573561251163, 0.014937262050807476, 0.01543835923075676, 0.015659434720873833, 0.015929047018289566, 0.016270963475108147, 0.015360464341938496, 0.015548288822174072, 0.015206700190901756, 0.014706671237945557, 0.015290450304746628, 0.015479533933103085, 0.015488287433981895, 0.0151054123416543, 0.015471527352929115, 0.015048770233988762, 0.014848610386252403, 0.01474263146519661, 0.014504974707961082, 0.016225917264819145, 0.014808845706284046, 0.016052279621362686, 0.01502573024481535, 0.014610844664275646, 0.014498514123260975, 0.015905683860182762, 0.015070482157170773, 0.014521702192723751, 0.01460613775998354, 0.014247752726078033, 0.014860441908240318, 0.016055162996053696, 0.014861023984849453, 0.014958272688090801, 0.014341461472213268, 0.01429032627493143, 0.014227265492081642, 0.014232817105948925, 0.014492162503302097, 0.014157104305922985, 0.014837385155260563, 0.014519184827804565, 0.014876949600875378, 0.014926259405910969, 0.014180422760546207, 0.015110124833881855, 0.014267273247241974, 0.014089779928326607, 0.014575771056115627, 0.014395514503121376, 0.014340421184897423, 0.014844703488051891, 0.01415814459323883, 0.01445465162396431, 0.014349174685776234, 0.015039130114018917, 0.014075725339353085, 0.014083651825785637, 0.014139996841549873, 0.014347905293107033, 0.013880206272006035, 0.014362704008817673, 0.014009581878781319, 0.014623033814132214, 0.014189409092068672, 0.014527344144880772, 0.014232397079467773, 0.014260209165513515, 0.014396431855857372, 0.014052334241569042, 0.013919852674007416, 0.013911569491028786, 0.014356558211147785, 0.013943098485469818, 0.014001413248479366], "lr": [0.0010000000474974513, 0.0010000000474974513, 0.0010000000474974513, 0.0010000000474974513, 0.0010000000474974513, 0.0010000000474974513, 0.0010000000474974513, 0.0010000000474974513, 0.0010000000474974513, 0.0010000000474974513, 0.0010000000474974513, 0.0010000000474974513, 0.0010000000474974513, 0.0010000000474974513, 0.0010000000474974513, 0.0010000000474974513, 0.0010000000474974513, 0.0010000000474974513, 0.0010000000474974513, 0.0010000000474974513, 0.0010000000474974513, 0.0010000000474974513, 0.0010000000474974513, 0.0010000000474974513, 0.0010000000474974513, 0.0010000000474974513, 0.0010000000474974513, 0.0010000000474974513, 0.0010000000474974513, 0.0010000000474974513, 0.0010000000474974513, 0.0010000000474974513, 0.0010000000474974513, 0.0010000000474974513, 0.0010000000474974513, 0.0010000000474974513, 0.0010000000474974513, 0.0010000000474974513, 0.0010000000474974513, 0.0010000000474974513, 0.0010000000474974513, 0.0010000000474974513, 0.0010000000474974513, 0.0010000000474974513, 0.0010000000474974513, 0.0010000000474974513, 0.0010000000474974513, 0.0010000000474974513, 0.0010000000474974513, 0.0010000000474974513, 0.0010000000474974513, 0.0010000000474974513, 0.0010000000474974513, 0.0010000000474974513, 0.0010000000474974513, 0.0010000000474974513, 0.0010000000474974513, 0.0010000000474974513, 0.0010000000474974513, 0.0010000000474974513, 0.0010000000474974513, 0.0010000000474974513, 0.0010000000474974513, 0.0010000000474974513, 0.0010000000474974513, 0.0010000000474974513, 0.0010000000474974513, 0.0010000000474974513, 0.0010000000474974513, 0.0010000000474974513, 0.0010000000474974513, 0.0010000000474974513, 0.0010000000474974513, 0.0010000000474974513, 0.0010000000474974513, 0.0010000000474974513, 0.0010000000474974513, 0.0010000000474974513, 0.0010000000474974513, 0.0010000000474974513, 0.0010000000474974513, 0.0010000000474974513, 0.0010000000474974513, 0.0010000000474974513, 0.0010000000474974513, 0.0010000000474974513, 0.0010000000474974513, 0.0010000000474974513, 0.0010000000474974513, 0.0010000000474974513, 0.0010000000474974513, 0.0010000000474974513, 0.0010000000474974513, 0.0010000000474974513, 0.0010000000474974513, 0.0010000000474974513, 0.0010000000474974513, 0.0010000000474974513, 0.0010000000474974513, 0.0010000000474974513]}