{"loss": [0.08067604154348373, 0.037931617349386215, 0.03522999957203865, 0.034572675824165344, 0.03332515060901642, 0.03350608050823212, 0.032480526715517044, 0.03251224011182785, 0.03177995607256889, 0.031627263873815536, 0.031086545437574387, 0.03079385496675968, 0.030523858964443207, 0.030396029353141785, 0.03049076534807682, 0.030183032155036926, 0.030438028275966644, 0.02993175946176052, 0.030479252338409424, 0.02968035265803337, 0.029645886272192, 0.02944050170481205, 0.02936161495745182, 0.029945002868771553, 0.029593326151371002, 0.029038645327091217, 0.028885308653116226, 0.028753703460097313, 0.028878530487418175, 0.028653116896748543, 0.02860332280397415, 0.028544358909130096, 0.028572209179401398, 0.02879871428012848, 0.02854829840362072, 0.028616825118660927, 0.028168514370918274, 0.028180448338389397, 0.028025876730680466, 0.028080441057682037, 0.02845820039510727, 0.027868112549185753, 0.027688883244991302, 0.02795352041721344, 0.027714258059859276, 0.027501381933689117, 0.027705101296305656, 0.027370942756533623, 0.0274652112275362, 0.02744879759848118, 0.027238687500357628, 0.026981746777892113, 0.02748057246208191, 0.02742861397564411, 0.027216142043471336, 0.027559250593185425, 0.0268179252743721, 0.0269224401563406, 0.027241501957178116, 0.027113044634461403, 0.026787156239151955, 0.026907680556178093, 0.02710901014506817, 0.027005041018128395, 0.026921475306153297, 0.02681681327521801, 0.026789648458361626, 0.02670852467417717, 0.026748375967144966, 0.02663160115480423, 0.026445653289556503, 0.026385847479104996, 0.026632197201251984, 0.026622215285897255, 0.02636202611029148, 0.026215244084596634, 0.02626067027449608, 0.02635200321674347, 0.026240399107336998, 0.026224102824926376, 0.02609127014875412, 0.02623714879155159, 0.02610112726688385, 0.026110351085662842, 0.026230042800307274, 0.02598491497337818, 0.026281481608748436, 0.02588941715657711, 0.02594751864671707, 0.025963755324482918, 0.02611396834254265, 0.02564867213368416, 0.02572515979409218, 0.025647057220339775, 0.025898952037096024, 0.026136180385947227, 0.025845633819699287, 0.025645064190030098, 0.0255732424557209, 0.025829220190644264], "val_loss": [0.19026322662830353, 0.17515996098518372, 0.15358933806419373, 0.12722094357013702, 0.11113116890192032, 0.08078821003437042, 0.061164986342191696, 0.0444277748465538, 0.041499603539705276, 0.03260306268930435, 0.03108113817870617, 0.030416596680879593, 0.03144662082195282, 0.030833793804049492, 0.03086673840880394, 0.03073393739759922, 0.029979513958096504, 0.030291952192783356, 0.029793331399559975, 0.030401496216654778, 0.03138437494635582, 0.029506240040063858, 0.031526364386081696, 0.030809490010142326, 0.029766492545604706, 0.02972695790231228, 0.029901567846536636, 0.03073027916252613, 0.029459258541464806, 0.028964513912796974, 0.030964387580752373, 0.028866112232208252, 0.029188526794314384, 0.029677167534828186, 0.029731398448348045, 0.02854076400399208, 0.029354874044656754, 0.0282421987503767, 0.029373526573181152, 0.02811189740896225, 0.028266161680221558, 0.02861640602350235, 0.029148783534765244, 0.028908967971801758, 0.03080550767481327, 0.02816000208258629, 0.027772551402449608, 0.028184402734041214, 0.029230192303657532, 0.027936849743127823, 0.028202923014760017, 0.02821534313261509, 0.027799807488918304, 0.02801169827580452, 0.027881382033228874, 0.028199251741170883, 0.028537346050143242, 0.028300920501351357, 0.02890266478061676, 0.02904101274907589, 0.027630766853690147, 0.028591571375727654, 0.02805435098707676, 0.028170496225357056, 0.0277723278850317, 0.028174206614494324, 0.02740919217467308, 0.027225835248827934, 0.027414660900831223, 0.028049185872077942, 0.027462424710392952, 0.027688972651958466, 0.027232633903622627, 0.02730879932641983, 0.027344506233930588, 0.027401028200984, 0.027204329147934914, 0.027227215468883514, 0.028726445510983467, 0.027276508510112762, 0.027064310386776924, 0.027321839705109596, 0.027196897193789482, 0.027117609977722168, 0.027498817071318626, 0.026971401646733284, 0.02794068492949009, 0.027185069397091866, 0.026845384389162064, 0.027778614312410355, 0.027244336903095245, 0.028544537723064423, 0.026753457263112068, 0.0268674585968256, 0.028593696653842926, 0.026893775910139084, 0.02663479372859001, 0.02728814259171486, 0.026608088985085487, 0.026776345446705818], "lr": [0.0010000000474974513, 0.0010000000474974513, 0.0010000000474974513, 0.0010000000474974513, 0.0010000000474974513, 0.0010000000474974513, 0.0010000000474974513, 0.0010000000474974513, 0.0010000000474974513, 0.0010000000474974513, 0.0010000000474974513, 0.0010000000474974513, 0.0010000000474974513, 0.0010000000474974513, 0.0010000000474974513, 0.0010000000474974513, 0.0010000000474974513, 0.0010000000474974513, 0.0010000000474974513, 0.0010000000474974513, 0.0010000000474974513, 0.0010000000474974513, 0.0010000000474974513, 0.0010000000474974513, 0.0010000000474974513, 0.0010000000474974513, 0.0010000000474974513, 0.0010000000474974513, 0.0010000000474974513, 0.0010000000474974513, 0.0010000000474974513, 0.0010000000474974513, 0.0010000000474974513, 0.0010000000474974513, 0.0010000000474974513, 0.0010000000474974513, 0.0010000000474974513, 0.0010000000474974513, 0.0010000000474974513, 0.0010000000474974513, 0.0010000000474974513, 0.0010000000474974513, 0.0010000000474974513, 0.0010000000474974513, 0.0010000000474974513, 0.0010000000474974513, 0.0010000000474974513, 0.0010000000474974513, 0.0010000000474974513, 0.0010000000474974513, 0.0010000000474974513, 0.0010000000474974513, 0.0010000000474974513, 0.0010000000474974513, 0.0010000000474974513, 0.0010000000474974513, 0.0010000000474974513, 0.0010000000474974513, 0.0010000000474974513, 0.0010000000474974513, 0.0010000000474974513, 0.0010000000474974513, 0.0010000000474974513, 0.0010000000474974513, 0.0010000000474974513, 0.0010000000474974513, 0.0010000000474974513, 0.0010000000474974513, 0.0010000000474974513, 0.0010000000474974513, 0.0010000000474974513, 0.0010000000474974513, 0.0010000000474974513, 0.0010000000474974513, 0.0010000000474974513, 0.0010000000474974513, 0.0010000000474974513, 0.0010000000474974513, 0.0010000000474974513, 0.0010000000474974513, 0.0010000000474974513, 0.0010000000474974513, 0.0010000000474974513, 0.0010000000474974513, 0.0010000000474974513, 0.0010000000474974513, 0.0010000000474974513, 0.0010000000474974513, 0.0010000000474974513, 0.0010000000474974513, 0.0010000000474974513, 0.0010000000474974513, 0.0010000000474974513, 0.0010000000474974513, 0.0010000000474974513, 0.0010000000474974513, 0.0010000000474974513, 0.0010000000474974513, 0.0010000000474974513, 0.0010000000474974513]}