{"loss": [0.07677718997001648, 0.028294621035456657, 0.0259032491594553, 0.025561437010765076, 0.02477683499455452, 0.023777801543474197, 0.023168709129095078, 0.023255938664078712, 0.02288692630827427, 0.023244313895702362, 0.022385725751519203, 0.021981030702590942, 0.022425655275583267, 0.021547352895140648, 0.022137489169836044, 0.021455388516187668, 0.02150261588394642, 0.021394426003098488, 0.02149094082415104, 0.021116483956575394, 0.02072371169924736, 0.02087377943098545, 0.02081548608839512, 0.021056439727544785, 0.02066599391400814, 0.020556868985295296, 0.020559389144182205, 0.02088884450495243, 0.020506037399172783, 0.021140065044164658, 0.02034572698175907, 0.020271683111786842, 0.020362770184874535, 0.020019372925162315, 0.0202820785343647, 0.020221877843141556, 0.020538588985800743, 0.020297324284911156, 0.019911639392375946, 0.0200334545224905, 0.020102985203266144, 0.019877705723047256, 0.01964176446199417, 0.01984783075749874, 0.0198556836694479, 0.019862744957208633, 0.019552715122699738, 0.019373681396245956, 0.019560586661100388, 0.019406894221901894, 0.019534293562173843, 0.019354263320565224, 0.019862566143274307, 0.019668763503432274, 0.0193319134414196, 0.019228963181376457, 0.01920533925294876, 0.019276980310678482, 0.019221972674131393, 0.019200120121240616, 0.019323864951729774, 0.019133951514959335, 0.01904391497373581, 0.01893661357462406, 0.019086865708231926, 0.019043320789933205, 0.018882347270846367, 0.019076257944107056, 0.018802769482135773, 0.019021373242139816, 0.01909852772951126, 0.018764685839414597, 0.018867140635848045, 0.01873905584216118, 0.01879964768886566, 0.01872260868549347, 0.01885685883462429, 0.01878945715725422, 0.018719112500548363, 0.018599621951580048, 0.01877303421497345, 0.018480533733963966, 0.01860821805894375, 0.018756570294499397, 0.018824202939867973, 0.01855328120291233, 0.01823713630437851, 0.018312694504857063, 0.01819980889558792, 0.018279006704688072, 0.018405484035611153, 0.018521947786211967, 0.018254555761814117, 0.01820307970046997, 0.01808539219200611, 0.018076738342642784, 0.018327239900827408, 0.01820395328104496, 0.01806533895432949, 0.01809551939368248], "val_loss": [0.1787414699792862, 0.16438892483711243, 0.13416971266269684, 0.10884801298379898, 0.0875626653432846, 0.060559552162885666, 0.04245341941714287, 0.030545126646757126, 0.029586488381028175, 0.024148907512426376, 0.022707637399435043, 0.023636747151613235, 0.02179606631398201, 0.02151842974126339, 0.021313747391104698, 0.02212415263056755, 0.02113659679889679, 0.02211795002222061, 0.021337095648050308, 0.02045549638569355, 0.02084719017148018, 0.02163367159664631, 0.021494483575224876, 0.02166817896068096, 0.02053276263177395, 0.02084173634648323, 0.02044515125453472, 0.020902378484606743, 0.02140880562365055, 0.0204823836684227, 0.020921742543578148, 0.020426707342267036, 0.021471792832016945, 0.020696498453617096, 0.020718088373541832, 0.0203983373939991, 0.021612880751490593, 0.020507514476776123, 0.020120535045862198, 0.019839121028780937, 0.02010655403137207, 0.019895954057574272, 0.019916504621505737, 0.020702388137578964, 0.021879788488149643, 0.020180486142635345, 0.020147506147623062, 0.020056718960404396, 0.020275747403502464, 0.01971101202070713, 0.019411776214838028, 0.019417548552155495, 0.021173879504203796, 0.020268842577934265, 0.01943829096853733, 0.019753769040107727, 0.020483143627643585, 0.01977393589913845, 0.019526943564414978, 0.01955587975680828, 0.019572746008634567, 0.018970750272274017, 0.019280774518847466, 0.019549498334527016, 0.019443517550826073, 0.01954082027077675, 0.019108494743704796, 0.019198311492800713, 0.019056688994169235, 0.020439427345991135, 0.01924513466656208, 0.018886102363467216, 0.01941324584186077, 0.01890166476368904, 0.01914922520518303, 0.019406205043196678, 0.018956288695335388, 0.018896374851465225, 0.019266145303845406, 0.01985088735818863, 0.019455762580037117, 0.019010281190276146, 0.01974909007549286, 0.019494522362947464, 0.01868950016796589, 0.018743032589554787, 0.018746132031083107, 0.018503692001104355, 0.019125696271657944, 0.018600884824991226, 0.01936415396630764, 0.01866116374731064, 0.018767165020108223, 0.018455466255545616, 0.018632017076015472, 0.019442666321992874, 0.01834207773208618, 0.018505889922380447, 0.0186212919652462, 0.01924404688179493], "lr": [0.0010000000474974513, 0.0010000000474974513, 0.0010000000474974513, 0.0010000000474974513, 0.0010000000474974513, 0.0010000000474974513, 0.0010000000474974513, 0.0010000000474974513, 0.0010000000474974513, 0.0010000000474974513, 0.0010000000474974513, 0.0010000000474974513, 0.0010000000474974513, 0.0010000000474974513, 0.0010000000474974513, 0.0010000000474974513, 0.0010000000474974513, 0.0010000000474974513, 0.0010000000474974513, 0.0010000000474974513, 0.0010000000474974513, 0.0010000000474974513, 0.0010000000474974513, 0.0010000000474974513, 0.0010000000474974513, 0.0010000000474974513, 0.0010000000474974513, 0.0010000000474974513, 0.0010000000474974513, 0.0010000000474974513, 0.0010000000474974513, 0.0010000000474974513, 0.0010000000474974513, 0.0010000000474974513, 0.0010000000474974513, 0.0010000000474974513, 0.0010000000474974513, 0.0010000000474974513, 0.0010000000474974513, 0.0010000000474974513, 0.0010000000474974513, 0.0010000000474974513, 0.0010000000474974513, 0.0010000000474974513, 0.0010000000474974513, 0.0010000000474974513, 0.0010000000474974513, 0.0010000000474974513, 0.0010000000474974513, 0.0010000000474974513, 0.0010000000474974513, 0.0010000000474974513, 0.0010000000474974513, 0.0010000000474974513, 0.0010000000474974513, 0.0010000000474974513, 0.0010000000474974513, 0.0010000000474974513, 0.0010000000474974513, 0.0010000000474974513, 0.0010000000474974513, 0.0010000000474974513, 0.0010000000474974513, 0.0010000000474974513, 0.0010000000474974513, 0.0010000000474974513, 0.0010000000474974513, 0.0010000000474974513, 0.0010000000474974513, 0.0010000000474974513, 0.0010000000474974513, 0.0010000000474974513, 0.0010000000474974513, 0.0010000000474974513, 0.0010000000474974513, 0.0010000000474974513, 0.0010000000474974513, 0.0010000000474974513, 0.0010000000474974513, 0.0010000000474974513, 0.0010000000474974513, 0.0010000000474974513, 0.0010000000474974513, 0.0010000000474974513, 0.0010000000474974513, 0.0010000000474974513, 0.0010000000474974513, 0.0010000000474974513, 0.0010000000474974513, 0.0010000000474974513, 0.0010000000474974513, 0.0010000000474974513, 0.0010000000474974513, 0.0010000000474974513, 0.0010000000474974513, 0.0010000000474974513, 0.0010000000474974513, 0.0010000000474974513, 0.0010000000474974513, 0.0010000000474974513]}