{"loss": [0.12175624072551727, 0.035116903483867645, 0.027298541739583015, 0.024632439017295837, 0.023111889138817787, 0.022036651149392128, 0.021240880712866783, 0.0206892192363739, 0.02012644335627556, 0.019756847992539406, 0.019407257437705994, 0.01904398202896118, 0.018684009090065956, 0.018486307933926582, 0.018181927502155304, 0.017995696514844894, 0.017722124233841896, 0.017418941482901573, 0.0172677431255579, 0.01708335056900978, 0.016805527731776237, 0.016718752682209015, 0.01646791398525238, 0.01632235199213028, 0.016086826100945473, 0.01590653881430626, 0.015748335048556328, 0.015593807213008404, 0.015437920577824116, 0.01518361084163189, 0.015050758607685566, 0.014879127964377403, 0.01473123300820589, 0.0146255474537611, 0.01442403718829155, 0.014289075508713722, 0.014123890548944473, 0.01394203957170248, 0.013842721469700336, 0.013740760274231434, 0.013568224385380745, 0.013574200682342052, 0.01342639047652483, 0.013151774182915688, 0.01306677795946598, 0.01290159672498703, 0.012890649959445, 0.012717818841338158, 0.01265856996178627, 0.01255793496966362, 0.012392275966703892, 0.012379496358335018, 0.01219997089356184, 0.012042328715324402, 0.012070989236235619, 0.011821015737950802, 0.011746961623430252, 0.011709321290254593, 0.011614466086030006, 0.011442923918366432, 0.011477403342723846, 0.010411015711724758, 0.010199327021837234, 0.010179083794355392, 0.010150384157896042, 0.010125420987606049, 0.01010752934962511, 0.010098569095134735, 0.010085809044539928, 0.010055739432573318, 0.010048222728073597, 0.010031544603407383, 0.009921697899699211, 0.009898187592625618, 0.00989194493740797, 0.00988673884421587, 0.009885657578706741, 0.009886170737445354, 0.009883650578558445, 0.009881083853542805, 0.009878229349851608, 0.00987587496638298, 0.00987449660897255, 0.009859574027359486, 0.009858773089945316, 0.009858417324721813, 0.009858388453722, 0.009857882745563984, 0.009857573546469212, 0.009857316501438618, 0.009857319295406342, 0.009856993332505226, 0.009856795892119408, 0.009856571443378925, 0.00985643733292818, 0.009856302291154861, 0.009855999611318111, 0.0098556624725461, 0.009855689480900764, 0.009855524636805058], "val_loss": [0.04802364110946655, 0.029870029538869858, 0.026039525866508484, 0.02424718253314495, 0.02314109355211258, 0.022372741252183914, 0.02171076089143753, 0.021188871935009956, 0.02088155783712864, 0.02046552672982216, 0.020249906927347183, 0.020000353455543518, 0.01972838304936886, 0.01952570676803589, 0.019543765112757683, 0.019145086407661438, 0.01908757910132408, 0.01891828514635563, 0.018850337713956833, 0.018594611436128616, 0.018399525433778763, 0.01831831969320774, 0.018205638974905014, 0.018273208290338516, 0.017967352643609047, 0.018141623586416245, 0.017780613154172897, 0.017395833507180214, 0.017641520127654076, 0.017328409478068352, 0.017307089641690254, 0.017187142744660378, 0.016972018405795097, 0.017309285700321198, 0.016821784898638725, 0.016948359087109566, 0.016656463965773582, 0.016763731837272644, 0.016577672213315964, 0.016598420217633247, 0.016688309609889984, 0.016411874443292618, 0.016399558633565903, 0.01659243367612362, 0.016353797167539597, 0.016443025320768356, 0.016217069700360298, 0.016314057633280754, 0.01647220365703106, 0.016191069036722183, 0.015861868858337402, 0.016021203249692917, 0.015890002250671387, 0.016020214185118675, 0.01595667563378811, 0.01595214009284973, 0.01596623659133911, 0.016023781150579453, 0.016008315607905388, 0.015856871381402016, 0.01580248586833477, 0.015083604492247105, 0.015039355494081974, 0.015023344196379185, 0.015015223994851112, 0.015024297870695591, 0.015004177577793598, 0.014985346235334873, 0.014998788014054298, 0.014992325566709042, 0.014990023337304592, 0.014989251270890236, 0.014952560886740685, 0.014948965981602669, 0.014944401569664478, 0.014950590208172798, 0.014952218160033226, 0.014946081675589085, 0.0149496179074049, 0.014946618117392063, 0.014943698421120644, 0.014945898205041885, 0.014945853501558304, 0.01494533009827137, 0.014944056048989296, 0.014943704009056091, 0.014944306574761868, 0.014944557100534439, 0.014943898655474186, 0.014944283291697502, 0.014944122172892094, 0.014943702146410942, 0.01494426466524601, 0.01494399830698967, 0.014944376423954964, 0.014944001100957394, 0.014943522401154041, 0.01494438573718071, 0.014944235794246197, 0.014944499358534813], "lr": [0.0010000000474974513, 0.0010000000474974513, 0.0010000000474974513, 0.0010000000474974513, 0.0010000000474974513, 0.0010000000474974513, 0.0010000000474974513, 0.0010000000474974513, 0.0010000000474974513, 0.0010000000474974513, 0.0010000000474974513, 0.0010000000474974513, 0.0010000000474974513, 0.0010000000474974513, 0.0010000000474974513, 0.0010000000474974513, 0.0010000000474974513, 0.0010000000474974513, 0.0010000000474974513, 0.0010000000474974513, 0.0010000000474974513, 0.0010000000474974513, 0.0010000000474974513, 0.0010000000474974513, 0.0010000000474974513, 0.0010000000474974513, 0.0010000000474974513, 0.0010000000474974513, 0.0010000000474974513, 0.0010000000474974513, 0.0010000000474974513, 0.0010000000474974513, 0.0010000000474974513, 0.0010000000474974513, 0.0010000000474974513, 0.0010000000474974513, 0.0010000000474974513, 0.0010000000474974513, 0.0010000000474974513, 0.0010000000474974513, 0.0010000000474974513, 0.0010000000474974513, 0.0010000000474974513, 0.0010000000474974513, 0.0010000000474974513, 0.0010000000474974513, 0.0010000000474974513, 0.0010000000474974513, 0.0010000000474974513, 0.0010000000474974513, 0.0010000000474974513, 0.0010000000474974513, 0.0010000000474974513, 0.0010000000474974513, 0.0010000000474974513, 0.0010000000474974513, 0.0010000000474974513, 0.0010000000474974513, 0.0010000000474974513, 0.0010000000474974513, 0.0010000000474974513, 0.00010000000474974513, 0.00010000000474974513, 0.00010000000474974513, 0.00010000000474974513, 0.00010000000474974513, 0.00010000000474974513, 0.00010000000474974513, 0.00010000000474974513, 0.00010000000474974513, 0.00010000000474974513, 0.00010000000474974513, 1.0000000656873453e-05, 1.0000000656873453e-05, 1.0000000656873453e-05, 1.0000000656873453e-05, 1.0000000656873453e-05, 1.0000000656873453e-05, 1.0000000656873453e-05, 1.0000000656873453e-05, 1.0000000656873453e-05, 1.0000000656873453e-05, 1.0000000656873453e-05, 1.0000001111620804e-06, 1.0000001111620804e-06, 1.0000001111620804e-06, 1.0000001111620804e-06, 1.0000001111620804e-06, 1.0000001111620804e-06, 1.0000001111620804e-06, 1.0000001111620804e-06, 1.0000001111620804e-06, 1.0000001111620804e-06, 9.999999974752427e-07, 9.999999974752427e-07, 9.999999974752427e-07, 9.999999974752427e-07, 9.999999974752427e-07, 9.999999974752427e-07, 9.999999974752427e-07]}