{"loss": [0.09031884372234344, 0.022536296397447586, 0.01779676042497158, 0.015984492376446724, 0.0150416549295187, 0.014377899467945099, 0.013942675665020943, 0.01362333819270134, 0.01331792026758194, 0.013039464130997658, 0.012804873287677765, 0.012630896642804146, 0.01248385850340128, 0.012316728010773659, 0.012094971723854542, 0.012001072987914085, 0.011865598149597645, 0.011709123849868774, 0.011591129004955292, 0.011542528867721558, 0.011455443687736988, 0.011188833974301815, 0.011158871464431286, 0.011068972758948803, 0.010973670519888401, 0.010841263458132744, 0.010765573009848595, 0.010679023340344429, 0.010552004911005497, 0.010504128411412239, 0.010402275249361992, 0.010285267606377602, 0.010112692601978779, 0.010020315647125244, 0.01008871104568243, 0.009969528764486313, 0.009986231103539467, 0.009816896170377731, 0.009812074713408947, 0.0096051637083292, 0.009570223279297352, 0.009517918340861797, 0.00940435566008091, 0.0093500055372715, 0.009201145730912685, 0.009287531487643719, 0.009166626259684563, 0.00908906850963831, 0.008998162113130093, 0.008862409740686417, 0.008838819339871407, 0.00884570088237524, 0.008753469213843346, 0.00866164080798626, 0.008653547614812851, 0.00856638140976429, 0.00855944212526083, 0.008500881493091583, 0.008525118231773376, 0.008269260637462139, 0.008255940861999989, 0.008216297253966331, 0.008220168761909008, 0.008071626536548138, 0.008061457425355911, 0.008053137920796871, 0.007930217310786247, 0.007908529601991177, 0.007849570363759995, 0.007828586734831333, 0.0069510480388998985, 0.006720373872667551, 0.006690960843116045, 0.006675342097878456, 0.006665474269539118, 0.0066582211293280125, 0.006631804164499044, 0.006627409718930721, 0.006624903064221144, 0.006594079080969095, 0.00660210195928812, 0.006500177085399628, 0.00647653779014945, 0.0064718774519860744, 0.006468606647104025, 0.006467092782258987, 0.006464836187660694, 0.006463796831667423, 0.0064609297551214695, 0.006461126264184713, 0.006459149066358805, 0.006458514370024204, 0.006456567440181971, 0.006455802824348211, 0.006441953592002392, 0.006440776865929365, 0.006440496072173119, 0.006440292578190565, 0.006440194323658943, 0.006440253928303719], "val_loss": [0.028013724833726883, 0.01946847327053547, 0.01701887883245945, 0.015635477378964424, 0.015104729682207108, 0.014558193273842335, 0.014196519739925861, 0.01403888687491417, 0.013562263920903206, 0.01345144584774971, 0.013198834843933582, 0.012983633205294609, 0.012982212007045746, 0.012911997735500336, 0.012712054885923862, 0.012627852149307728, 0.012742474675178528, 0.012412287294864655, 0.012353150174021721, 0.012320101261138916, 0.012283681891858578, 0.012025299482047558, 0.011972357518970966, 0.011946076527237892, 0.01192601677030325, 0.011857639998197556, 0.011790087446570396, 0.011836604215204716, 0.011744383722543716, 0.011667430400848389, 0.011569108814001083, 0.011488357558846474, 0.011508448049426079, 0.011573433876037598, 0.011386111378669739, 0.011491537094116211, 0.011365758255124092, 0.011637344025075436, 0.01135597936809063, 0.011206019669771194, 0.011193458922207355, 0.011173540726304054, 0.011315192095935345, 0.01097925379872322, 0.01118452474474907, 0.011334031820297241, 0.010943103581666946, 0.011105731129646301, 0.011125972494482994, 0.010826736688613892, 0.010930618271231651, 0.011048248037695885, 0.010825861245393753, 0.011025390587747097, 0.010719680227339268, 0.011110220104455948, 0.010905962437391281, 0.011041187681257725, 0.010683046653866768, 0.010437333956360817, 0.01047034002840519, 0.010521773248910904, 0.010424250736832619, 0.01061139814555645, 0.010518865659832954, 0.010745471343398094, 0.010701235383749008, 0.010666205547749996, 0.010487272404134274, 0.010479842312633991, 0.009670809842646122, 0.009647946804761887, 0.009603744372725487, 0.00963648408651352, 0.009606360457837582, 0.009623290039598942, 0.009630072861909866, 0.009602326899766922, 0.009644720703363419, 0.009576800279319286, 0.009645376354455948, 0.009578253142535686, 0.0095737399533391, 0.009570066817104816, 0.009570837020874023, 0.00957155879586935, 0.009569545276463032, 0.009566632099449635, 0.009566952474415302, 0.009565625339746475, 0.009568030945956707, 0.009561220183968544, 0.009569119662046432, 0.009566856548190117, 0.009565702639520168, 0.009565251879394054, 0.009566140361130238, 0.009565894491970539, 0.009565950371325016, 0.00956525094807148], "lr": [0.0010000000474974513, 0.0010000000474974513, 0.0010000000474974513, 0.0010000000474974513, 0.0010000000474974513, 0.0010000000474974513, 0.0010000000474974513, 0.0010000000474974513, 0.0010000000474974513, 0.0010000000474974513, 0.0010000000474974513, 0.0010000000474974513, 0.0010000000474974513, 0.0010000000474974513, 0.0010000000474974513, 0.0010000000474974513, 0.0010000000474974513, 0.0010000000474974513, 0.0010000000474974513, 0.0010000000474974513, 0.0010000000474974513, 0.0010000000474974513, 0.0010000000474974513, 0.0010000000474974513, 0.0010000000474974513, 0.0010000000474974513, 0.0010000000474974513, 0.0010000000474974513, 0.0010000000474974513, 0.0010000000474974513, 0.0010000000474974513, 0.0010000000474974513, 0.0010000000474974513, 0.0010000000474974513, 0.0010000000474974513, 0.0010000000474974513, 0.0010000000474974513, 0.0010000000474974513, 0.0010000000474974513, 0.0010000000474974513, 0.0010000000474974513, 0.0010000000474974513, 0.0010000000474974513, 0.0010000000474974513, 0.0010000000474974513, 0.0010000000474974513, 0.0010000000474974513, 0.0010000000474974513, 0.0010000000474974513, 0.0010000000474974513, 0.0010000000474974513, 0.0010000000474974513, 0.0010000000474974513, 0.0010000000474974513, 0.0010000000474974513, 0.0010000000474974513, 0.0010000000474974513, 0.0010000000474974513, 0.0010000000474974513, 0.0010000000474974513, 0.0010000000474974513, 0.0010000000474974513, 0.0010000000474974513, 0.0010000000474974513, 0.0010000000474974513, 0.0010000000474974513, 0.0010000000474974513, 0.0010000000474974513, 0.0010000000474974513, 0.0010000000474974513, 0.00010000000474974513, 0.00010000000474974513, 0.00010000000474974513, 0.00010000000474974513, 0.00010000000474974513, 0.00010000000474974513, 0.00010000000474974513, 0.00010000000474974513, 0.00010000000474974513, 0.00010000000474974513, 0.00010000000474974513, 1.0000000656873453e-05, 1.0000000656873453e-05, 1.0000000656873453e-05, 1.0000000656873453e-05, 1.0000000656873453e-05, 1.0000000656873453e-05, 1.0000000656873453e-05, 1.0000000656873453e-05, 1.0000000656873453e-05, 1.0000000656873453e-05, 1.0000000656873453e-05, 1.0000000656873453e-05, 1.0000000656873453e-05, 1.0000001111620804e-06, 1.0000001111620804e-06, 1.0000001111620804e-06, 1.0000001111620804e-06, 1.0000001111620804e-06, 1.0000001111620804e-06]}