{"loss": [0.09680023789405823, 0.023889189586043358, 0.01880594529211521, 0.016898546367883682, 0.01593279279768467, 0.015239959582686424, 0.014784662052989006, 0.014496139250695705, 0.01418091356754303, 0.013873977586627007, 0.013612834736704826, 0.013507681898772717, 0.013203293085098267, 0.013108120299875736, 0.01287558302283287, 0.012764831073582172, 0.012690326198935509, 0.012392714619636536, 0.012375789694488049, 0.0122002512216568, 0.012152239680290222, 0.012042763642966747, 0.011814568191766739, 0.011772670783102512, 0.011715454049408436, 0.011533819139003754, 0.011461963877081871, 0.011381963267922401, 0.011317402124404907, 0.011177213862538338, 0.01102184783667326, 0.010878692381083965, 0.01075631845742464, 0.010685703717172146, 0.010632955469191074, 0.010592758655548096, 0.010454792529344559, 0.010404251515865326, 0.010505827143788338, 0.010163838043808937, 0.010109962895512581, 0.010032270103693008, 0.010036774910986423, 0.009957226924598217, 0.009891836903989315, 0.009826074354350567, 0.00964659359306097, 0.009681975468993187, 0.009538382291793823, 0.00948941521346569, 0.00945780798792839, 0.009320096112787724, 0.009348900057375431, 0.009314781986176968, 0.009110811166465282, 0.009037199430167675, 0.00899429526180029, 0.00898413360118866, 0.008854477666318417, 0.008947313763201237, 0.008755853399634361, 0.00794768426567316, 0.007698109373450279, 0.007655331399291754, 0.007629915606230497, 0.007623597048223019, 0.00760515546426177, 0.007596246432512999, 0.007573194336146116, 0.007558946032077074, 0.007549705915153027, 0.007554216776043177, 0.0075213490054011345, 0.007519709877669811, 0.007511750794947147, 0.007487649563699961, 0.007485541515052319, 0.007374185603111982, 0.00735122337937355, 0.0073468987829983234, 0.007343868725001812, 0.007341063115745783, 0.007339783012866974, 0.007338940631598234, 0.007337574847042561, 0.007337672170251608, 0.007334702182561159, 0.007319371681660414, 0.007318665739148855, 0.007318063173443079, 0.0073178973980247974, 0.007317753043025732, 0.007317418698221445, 0.007317342329770327, 0.007317163050174713, 0.007316996343433857, 0.007316956762224436, 0.0073167369700968266, 0.007316506002098322, 0.007316412404179573], "val_loss": [0.03099632076919079, 0.020499762147665024, 0.0178383756428957, 0.016554608941078186, 0.016004083678126335, 0.015409235842525959, 0.015157515183091164, 0.014697138220071793, 0.014597063884139061, 0.014300063252449036, 0.014088510535657406, 0.013891726732254028, 0.013880660757422447, 0.013756922446191311, 0.013414611108601093, 0.013572081923484802, 0.013330929912626743, 0.013411319814622402, 0.013091757893562317, 0.013100621290504932, 0.0129964929074049, 0.012861695140600204, 0.012798873707652092, 0.01267770305275917, 0.012651180848479271, 0.012651988305151463, 0.01275718305259943, 0.012599767185747623, 0.012576913461089134, 0.012553123757243156, 0.01225238386541605, 0.012290729209780693, 0.01234493125230074, 0.01228268351405859, 0.012280113063752651, 0.012016785331070423, 0.012127616442739964, 0.012148108333349228, 0.012272358871996403, 0.012005163356661797, 0.011951916851103306, 0.011905889958143234, 0.012007943354547024, 0.011694300919771194, 0.012000064365565777, 0.011724799871444702, 0.011656899005174637, 0.01180728618055582, 0.011720403097569942, 0.012047357857227325, 0.011381078511476517, 0.011710094287991524, 0.011563248932361603, 0.011704864911735058, 0.011365878395736217, 0.01160133071243763, 0.011845648288726807, 0.011367899365723133, 0.011412931606173515, 0.011466389521956444, 0.011928469873964787, 0.010669057257473469, 0.010612549260258675, 0.010584961622953415, 0.01060269121080637, 0.010634372942149639, 0.01054827868938446, 0.010575182735919952, 0.010554338805377483, 0.01056012511253357, 0.010632666759192944, 0.010537697933614254, 0.010559547692537308, 0.010573538020253181, 0.010577571578323841, 0.0106153329834342, 0.010586442425847054, 0.010521454736590385, 0.010512389242649078, 0.01050617266446352, 0.010507894679903984, 0.010506900027394295, 0.010503777302801609, 0.010503720492124557, 0.01050159428268671, 0.010501885786652565, 0.010503564961254597, 0.010501624085009098, 0.010501875542104244, 0.010501829907298088, 0.010501459240913391, 0.010500935837626457, 0.010501367971301079, 0.010500939562916756, 0.010500764474272728, 0.010501323267817497, 0.0105007104575634, 0.010500764474272728, 0.010500473901629448, 0.010500212199985981], "lr": [0.0010000000474974513, 0.0010000000474974513, 0.0010000000474974513, 0.0010000000474974513, 0.0010000000474974513, 0.0010000000474974513, 0.0010000000474974513, 0.0010000000474974513, 0.0010000000474974513, 0.0010000000474974513, 0.0010000000474974513, 0.0010000000474974513, 0.0010000000474974513, 0.0010000000474974513, 0.0010000000474974513, 0.0010000000474974513, 0.0010000000474974513, 0.0010000000474974513, 0.0010000000474974513, 0.0010000000474974513, 0.0010000000474974513, 0.0010000000474974513, 0.0010000000474974513, 0.0010000000474974513, 0.0010000000474974513, 0.0010000000474974513, 0.0010000000474974513, 0.0010000000474974513, 0.0010000000474974513, 0.0010000000474974513, 0.0010000000474974513, 0.0010000000474974513, 0.0010000000474974513, 0.0010000000474974513, 0.0010000000474974513, 0.0010000000474974513, 0.0010000000474974513, 0.0010000000474974513, 0.0010000000474974513, 0.0010000000474974513, 0.0010000000474974513, 0.0010000000474974513, 0.0010000000474974513, 0.0010000000474974513, 0.0010000000474974513, 0.0010000000474974513, 0.0010000000474974513, 0.0010000000474974513, 0.0010000000474974513, 0.0010000000474974513, 0.0010000000474974513, 0.0010000000474974513, 0.0010000000474974513, 0.0010000000474974513, 0.0010000000474974513, 0.0010000000474974513, 0.0010000000474974513, 0.0010000000474974513, 0.0010000000474974513, 0.0010000000474974513, 0.0010000000474974513, 0.00010000000474974513, 0.00010000000474974513, 0.00010000000474974513, 0.00010000000474974513, 0.00010000000474974513, 0.00010000000474974513, 0.00010000000474974513, 0.00010000000474974513, 0.00010000000474974513, 0.00010000000474974513, 0.00010000000474974513, 0.00010000000474974513, 0.00010000000474974513, 0.00010000000474974513, 0.00010000000474974513, 0.00010000000474974513, 1.0000000656873453e-05, 1.0000000656873453e-05, 1.0000000656873453e-05, 1.0000000656873453e-05, 1.0000000656873453e-05, 1.0000000656873453e-05, 1.0000000656873453e-05, 1.0000000656873453e-05, 1.0000000656873453e-05, 1.0000000656873453e-05, 1.0000001111620804e-06, 1.0000001111620804e-06, 1.0000001111620804e-06, 1.0000001111620804e-06, 1.0000001111620804e-06, 1.0000001111620804e-06, 1.0000001111620804e-06, 1.0000001111620804e-06, 1.0000001111620804e-06, 1.0000001111620804e-06, 9.999999974752427e-07, 9.999999974752427e-07, 9.999999974752427e-07]}