{"loss": [0.08425872772932053, 0.02056974731385708, 0.016636252403259277, 0.015101298689842224, 0.01431931834667921, 0.013789976947009563, 0.013475663028657436, 0.013076097704470158, 0.012810606509447098, 0.012573780491948128, 0.012354893609881401, 0.012139539234340191, 0.012041719630360603, 0.01183063443750143, 0.011692454107105732, 0.011535882018506527, 0.011487167328596115, 0.011413799598813057, 0.011179458349943161, 0.011113220825791359, 0.011025000363588333, 0.010900578461587429, 0.010710089467465878, 0.010629980824887753, 0.010557257570326328, 0.01046458538621664, 0.010316228494048119, 0.010239196941256523, 0.010114211589097977, 0.0100946556776762, 0.010013188235461712, 0.009985878132283688, 0.009701435454189777, 0.009704387746751308, 0.009560472331941128, 0.009514935314655304, 0.009393845684826374, 0.009413087740540504, 0.009294634684920311, 0.009269210509955883, 0.009111124090850353, 0.009070352651178837, 0.009046445600688457, 0.009023252874612808, 0.008767861872911453, 0.008816421963274479, 0.008765076287090778, 0.008664723485708237, 0.008615569211542606, 0.008500314317643642, 0.008570278063416481, 0.008528302423655987, 0.008465404622256756, 0.008379317820072174, 0.008253575302660465, 0.008183058351278305, 0.008213807828724384, 0.00810876116156578, 0.007243113126605749, 0.0070405686274170876, 0.006991267669945955, 0.0069702561013400555, 0.006963776424527168, 0.006947365589439869, 0.0069358148612082005, 0.006925988011062145, 0.006909599527716637, 0.006899603176862001, 0.006893695332109928, 0.006778806913644075, 0.006764880381524563, 0.006762235891073942, 0.006760080344974995, 0.006758840288966894, 0.00675702141597867, 0.006755114067345858, 0.006753073539584875, 0.006753291003406048, 0.006750793196260929, 0.006749414838850498, 0.006747324485331774, 0.006747487001121044, 0.006732478737831116, 0.006731247529387474, 0.006731214001774788, 0.0067309122532606125, 0.006730563007295132, 0.006730467081069946, 0.006730325985699892, 0.006730078253895044, 0.0067299893125891685, 0.006729834713041782, 0.0067297425121068954, 0.006729510612785816, 0.006729233078658581, 0.006729212123900652, 0.006729089189320803, 0.00672873854637146, 0.00672873156145215, 0.006728500593453646], "val_loss": [0.02525787055492401, 0.01800992339849472, 0.01619676686823368, 0.015003062784671783, 0.014320970512926579, 0.014019843190908432, 0.013712573796510696, 0.013428322039544582, 0.0134908901527524, 0.012819976545870304, 0.012942795641720295, 0.012639832682907581, 0.012521744705736637, 0.012379555031657219, 0.012156342156231403, 0.012238243594765663, 0.012021908536553383, 0.011911692097783089, 0.012070312164723873, 0.011970695108175278, 0.011823867447674274, 0.011755344457924366, 0.011592868715524673, 0.011635820381343365, 0.011650443077087402, 0.011464763432741165, 0.011323068290948868, 0.011378414928913116, 0.011477083899080753, 0.011123300530016422, 0.011135795153677464, 0.011128955520689487, 0.011274571530520916, 0.011079960502684116, 0.010890076868236065, 0.01117250882089138, 0.010736637748777866, 0.011168934404850006, 0.010941639542579651, 0.010816281661391258, 0.010988901369273663, 0.010577766224741936, 0.010700280778110027, 0.010503102093935013, 0.01040720660239458, 0.010910125449299812, 0.010388456284999847, 0.010234723798930645, 0.010555164888501167, 0.010429388843476772, 0.010537249967455864, 0.010389222763478756, 0.010187494568526745, 0.010419457219541073, 0.010298332199454308, 0.010416427627205849, 0.010232511907815933, 0.010255243629217148, 0.009407092817127705, 0.009412339888513088, 0.009366489946842194, 0.009345298632979393, 0.009351613000035286, 0.009387635625898838, 0.009358720853924751, 0.009352050721645355, 0.009350975975394249, 0.009351381100714207, 0.00935283862054348, 0.009308109059929848, 0.009309863671660423, 0.009300881065428257, 0.009300659410655499, 0.009296784177422523, 0.009295498952269554, 0.009294731542468071, 0.009296919219195843, 0.009290322661399841, 0.009295825846493244, 0.009296629577875137, 0.009297709912061691, 0.009297826327383518, 0.009295232594013214, 0.009295107796788216, 0.009294483810663223, 0.00929452944546938, 0.009294550865888596, 0.009294499643146992, 0.009293968789279461, 0.009293587878346443, 0.009294066578149796, 0.009293502196669579, 0.009293748997151852, 0.009294087067246437, 0.009294099174439907, 0.009293830953538418, 0.009293889626860619, 0.009293581359088421, 0.009293382987380028, 0.009293454699218273], "lr": [0.0010000000474974513, 0.0010000000474974513, 0.0010000000474974513, 0.0010000000474974513, 0.0010000000474974513, 0.0010000000474974513, 0.0010000000474974513, 0.0010000000474974513, 0.0010000000474974513, 0.0010000000474974513, 0.0010000000474974513, 0.0010000000474974513, 0.0010000000474974513, 0.0010000000474974513, 0.0010000000474974513, 0.0010000000474974513, 0.0010000000474974513, 0.0010000000474974513, 0.0010000000474974513, 0.0010000000474974513, 0.0010000000474974513, 0.0010000000474974513, 0.0010000000474974513, 0.0010000000474974513, 0.0010000000474974513, 0.0010000000474974513, 0.0010000000474974513, 0.0010000000474974513, 0.0010000000474974513, 0.0010000000474974513, 0.0010000000474974513, 0.0010000000474974513, 0.0010000000474974513, 0.0010000000474974513, 0.0010000000474974513, 0.0010000000474974513, 0.0010000000474974513, 0.0010000000474974513, 0.0010000000474974513, 0.0010000000474974513, 0.0010000000474974513, 0.0010000000474974513, 0.0010000000474974513, 0.0010000000474974513, 0.0010000000474974513, 0.0010000000474974513, 0.0010000000474974513, 0.0010000000474974513, 0.0010000000474974513, 0.0010000000474974513, 0.0010000000474974513, 0.0010000000474974513, 0.0010000000474974513, 0.0010000000474974513, 0.0010000000474974513, 0.0010000000474974513, 0.0010000000474974513, 0.0010000000474974513, 0.00010000000474974513, 0.00010000000474974513, 0.00010000000474974513, 0.00010000000474974513, 0.00010000000474974513, 0.00010000000474974513, 0.00010000000474974513, 0.00010000000474974513, 0.00010000000474974513, 0.00010000000474974513, 0.00010000000474974513, 1.0000000656873453e-05, 1.0000000656873453e-05, 1.0000000656873453e-05, 1.0000000656873453e-05, 1.0000000656873453e-05, 1.0000000656873453e-05, 1.0000000656873453e-05, 1.0000000656873453e-05, 1.0000000656873453e-05, 1.0000000656873453e-05, 1.0000000656873453e-05, 1.0000000656873453e-05, 1.0000000656873453e-05, 1.0000001111620804e-06, 1.0000001111620804e-06, 1.0000001111620804e-06, 1.0000001111620804e-06, 1.0000001111620804e-06, 1.0000001111620804e-06, 1.0000001111620804e-06, 1.0000001111620804e-06, 1.0000001111620804e-06, 1.0000001111620804e-06, 9.999999974752427e-07, 9.999999974752427e-07, 9.999999974752427e-07, 9.999999974752427e-07, 9.999999974752427e-07, 9.999999974752427e-07, 9.999999974752427e-07, 9.999999974752427e-07]}