{"loss": [0.08702477812767029, 0.021373705938458443, 0.017102593556046486, 0.015384411439299583, 0.01464117132127285, 0.013959087431430817, 0.013556566089391708, 0.01323371846228838, 0.012996576726436615, 0.01270139031112194, 0.012516397051513195, 0.01231617946177721, 0.012132604606449604, 0.012081672437489033, 0.011849381029605865, 0.011723603121936321, 0.011588572524487972, 0.011595751158893108, 0.011389671824872494, 0.011248880065977573, 0.01116019394248724, 0.010984244756400585, 0.010911884717643261, 0.010829700157046318, 0.01067369058728218, 0.010598837397992611, 0.010562581941485405, 0.01037642452865839, 0.010280944406986237, 0.01017820741981268, 0.010148811154067516, 0.010109701193869114, 0.010021503083407879, 0.009807520546019077, 0.009729370474815369, 0.009628313593566418, 0.009638595394790173, 0.009548408910632133, 0.009463373571634293, 0.009454525075852871, 0.009326642379164696, 0.00921191368252039, 0.009153103455901146, 0.00906262919306755, 0.009071064181625843, 0.008900025859475136, 0.009008599445223808, 0.008054298348724842, 0.007836752571165562, 0.007792272605001926, 0.007782377768307924, 0.007772857788950205, 0.007740559987723827, 0.007733407896012068, 0.007719391491264105, 0.007693047169595957, 0.00768678542226553, 0.007675349246710539, 0.007584864739328623, 0.007556822616606951, 0.007550525479018688, 0.0075493669137358665, 0.007546663749963045, 0.007546115666627884, 0.007542147766798735, 0.007542605046182871, 0.007538994308561087, 0.007537989877164364, 0.0075353775173425674, 0.0075227040797472, 0.00752154691144824, 0.0075211054645478725, 0.007520857732743025, 0.007520502433180809, 0.0075204744935035706, 0.007520078215748072, 0.007519975304603577, 0.007519909646362066, 0.00751942815259099, 0.007519453298300505, 0.007519057486206293, 0.00751904770731926, 0.007518732454627752, 0.007518659345805645, 0.007518366444855928, 0.007518196478486061, 0.007518220227211714, 0.007517922203987837, 0.007517761550843716, 0.007517565973103046, 0.007517355028539896, 0.007517015561461449, 0.007517021149396896, 0.007516746874898672, 0.007516500074416399, 0.007516301237046719, 0.007516406010836363, 0.007515976671129465, 0.007515590637922287, 0.007515538018196821], "val_loss": [0.026841092854738235, 0.018545174971222878, 0.016306355595588684, 0.015210664831101894, 0.01460251770913601, 0.014161855913698673, 0.013718306086957455, 0.013563216663897038, 0.013235155493021011, 0.01313822902739048, 0.012949529103934765, 0.012866293080151081, 0.01258010882884264, 0.012432139366865158, 0.012465574778616428, 0.012130515649914742, 0.012262831442058086, 0.01212779525667429, 0.012115959078073502, 0.011856365017592907, 0.011949796229600906, 0.011770321056246758, 0.01178121380507946, 0.011769648641347885, 0.011796501465141773, 0.011779885739088058, 0.01168625894933939, 0.011441076174378395, 0.011374575085937977, 0.011362835764884949, 0.01143784448504448, 0.011264546774327755, 0.0113044623285532, 0.01123146340250969, 0.010999854654073715, 0.011167872697114944, 0.01083172857761383, 0.010954179801046848, 0.010941705666482449, 0.010877869091928005, 0.01086233090609312, 0.010846945457160473, 0.010858195833861828, 0.010854600928723812, 0.010909666307270527, 0.010951176285743713, 0.010802501812577248, 0.009885613806545734, 0.009841256774961948, 0.009824477136135101, 0.009823792614042759, 0.009801933541893959, 0.009808284230530262, 0.009798550046980381, 0.009815296158194542, 0.009794220328330994, 0.009803783148527145, 0.009843017905950546, 0.009747716598212719, 0.00973888486623764, 0.009740812703967094, 0.009733445942401886, 0.009732101112604141, 0.009729360230267048, 0.009731728583574295, 0.009728625416755676, 0.009731056168675423, 0.009731809608638287, 0.00972617045044899, 0.009725788608193398, 0.00972587987780571, 0.009726207703351974, 0.009726006537675858, 0.009726399555802345, 0.0097260857000947, 0.009726133197546005, 0.009726601652801037, 0.009726773016154766, 0.009726759977638721, 0.009726478718221188, 0.009726553224027157, 0.009726370684802532, 0.009726514108479023, 0.009726302698254585, 0.009725965559482574, 0.009726541116833687, 0.00972668919712305, 0.009726444259285927, 0.009726242162287235, 0.009726332500576973, 0.009726082906126976, 0.009726280346512794, 0.009726299904286861, 0.009726122952997684, 0.009725735522806644, 0.009726442396640778, 0.009726138785481453, 0.009725554846227169, 0.009726320393383503, 0.009726296178996563], "lr": [0.0010000000474974513, 0.0010000000474974513, 0.0010000000474974513, 0.0010000000474974513, 0.0010000000474974513, 0.0010000000474974513, 0.0010000000474974513, 0.0010000000474974513, 0.0010000000474974513, 0.0010000000474974513, 0.0010000000474974513, 0.0010000000474974513, 0.0010000000474974513, 0.0010000000474974513, 0.0010000000474974513, 0.0010000000474974513, 0.0010000000474974513, 0.0010000000474974513, 0.0010000000474974513, 0.0010000000474974513, 0.0010000000474974513, 0.0010000000474974513, 0.0010000000474974513, 0.0010000000474974513, 0.0010000000474974513, 0.0010000000474974513, 0.0010000000474974513, 0.0010000000474974513, 0.0010000000474974513, 0.0010000000474974513, 0.0010000000474974513, 0.0010000000474974513, 0.0010000000474974513, 0.0010000000474974513, 0.0010000000474974513, 0.0010000000474974513, 0.0010000000474974513, 0.0010000000474974513, 0.0010000000474974513, 0.0010000000474974513, 0.0010000000474974513, 0.0010000000474974513, 0.0010000000474974513, 0.0010000000474974513, 0.0010000000474974513, 0.0010000000474974513, 0.0010000000474974513, 0.00010000000474974513, 0.00010000000474974513, 0.00010000000474974513, 0.00010000000474974513, 0.00010000000474974513, 0.00010000000474974513, 0.00010000000474974513, 0.00010000000474974513, 0.00010000000474974513, 0.00010000000474974513, 0.00010000000474974513, 1.0000000656873453e-05, 1.0000000656873453e-05, 1.0000000656873453e-05, 1.0000000656873453e-05, 1.0000000656873453e-05, 1.0000000656873453e-05, 1.0000000656873453e-05, 1.0000000656873453e-05, 1.0000000656873453e-05, 1.0000000656873453e-05, 1.0000000656873453e-05, 1.0000001111620804e-06, 1.0000001111620804e-06, 1.0000001111620804e-06, 1.0000001111620804e-06, 1.0000001111620804e-06, 1.0000001111620804e-06, 1.0000001111620804e-06, 1.0000001111620804e-06, 1.0000001111620804e-06, 1.0000001111620804e-06, 9.999999974752427e-07, 9.999999974752427e-07, 9.999999974752427e-07, 9.999999974752427e-07, 9.999999974752427e-07, 9.999999974752427e-07, 9.999999974752427e-07, 9.999999974752427e-07, 9.999999974752427e-07, 9.999999974752427e-07, 9.999999974752427e-07, 9.999999974752427e-07, 9.999999974752427e-07, 9.999999974752427e-07, 9.999999974752427e-07, 9.999999974752427e-07, 9.999999974752427e-07, 9.999999974752427e-07, 9.999999974752427e-07, 9.999999974752427e-07, 9.999999974752427e-07]}