{"loss": [0.083837129175663, 0.02067987248301506, 0.01677664928138256, 0.015290684066712856, 0.014338000677525997, 0.013772454112768173, 0.013491134159266949, 0.013041612692177296, 0.012755044735968113, 0.01256872434169054, 0.01241371501237154, 0.012115501798689365, 0.011988099664449692, 0.011866836808621883, 0.011632174253463745, 0.011545686051249504, 0.011499233543872833, 0.011266368441283703, 0.011177181266248226, 0.010973830707371235, 0.010916875675320625, 0.010832096450030804, 0.010702031664550304, 0.010562253184616566, 0.010501231998205185, 0.010406696237623692, 0.010283426381647587, 0.010241138748824596, 0.010194797068834305, 0.010029762051999569, 0.009934451431035995, 0.009813345968723297, 0.009714732877910137, 0.009632939472794533, 0.009608929045498371, 0.009442816488444805, 0.009400682523846626, 0.00938403606414795, 0.009372984990477562, 0.009276275523006916, 0.009092617779970169, 0.00912667065858841, 0.008979596197605133, 0.008992208167910576, 0.0088685043156147, 0.00878501869738102, 0.008747566491365433, 0.008699758909642696, 0.008688592351973057, 0.008589793927967548, 0.008348091505467892, 0.008505316451191902, 0.008329211734235287, 0.00826140958815813, 0.008260014466941357, 0.008197231218218803, 0.008108227513730526, 0.008041405119001865, 0.00802371185272932, 0.007990945130586624, 0.007887064479291439, 0.008066931739449501, 0.00792623683810234, 0.007720794063061476, 0.007754722610116005, 0.007639243267476559, 0.007726265583187342, 0.007675907574594021, 0.0074730259366333485, 0.0075059873051941395, 0.007484368979930878, 0.007432542275637388, 0.007423630449920893, 0.007349134888499975, 0.007286288309842348, 0.007267562206834555, 0.007255322299897671, 0.007252504583448172, 0.0071752979420125484, 0.006263114046305418, 0.006044651847332716, 0.006004608701914549, 0.0059918309561908245, 0.005980402696877718, 0.005976841785013676, 0.005954434629529715, 0.005946842487901449, 0.005929288920015097, 0.005925613921135664, 0.005917392671108246, 0.005810113623738289, 0.0057944138534367085, 0.005788783077150583, 0.005787089467048645, 0.005785537883639336, 0.005784779321402311, 0.0057820905931293964, 0.005780594889074564, 0.005779753904789686, 0.005777823273092508], "val_loss": [0.025757579132914543, 0.01819891668856144, 0.016106102615594864, 0.015175603330135345, 0.014392700046300888, 0.014072922058403492, 0.013612024486064911, 0.013351579196751118, 0.013064693659543991, 0.013096644543111324, 0.012828970327973366, 0.012596158310770988, 0.01267657894641161, 0.012374837882816792, 0.012227902188897133, 0.012199445627629757, 0.012185980565845966, 0.01191611960530281, 0.011816076934337616, 0.011876534670591354, 0.011881212703883648, 0.011700759641826153, 0.011794090270996094, 0.011565153487026691, 0.01152617484331131, 0.011337711475789547, 0.01151464693248272, 0.011624920181930065, 0.011288903653621674, 0.011465203948318958, 0.011038174852728844, 0.010895464569330215, 0.011065720580518246, 0.010987259447574615, 0.010893535800278187, 0.010789279825985432, 0.011032220907509327, 0.011257417500019073, 0.01110303308814764, 0.010842390358448029, 0.010670567862689495, 0.01082474086433649, 0.010401147417724133, 0.01038074679672718, 0.010566478595137596, 0.010731197893619537, 0.010345433838665485, 0.010439964011311531, 0.010533091612160206, 0.010181538760662079, 0.010248885490000248, 0.010658514685928822, 0.010533401742577553, 0.01025549229234457, 0.01019988302141428, 0.010253692045807838, 0.010061579756438732, 0.010422968305647373, 0.01023801788687706, 0.01016708742827177, 0.010310455225408077, 0.01024243701249361, 0.010140620172023773, 0.009995034895837307, 0.009980745613574982, 0.009914718568325043, 0.01013851072639227, 0.010141742415726185, 0.009652958251535892, 0.00974474847316742, 0.010156369768083096, 0.009898954071104527, 0.009741810150444508, 0.009926682338118553, 0.010160017758607864, 0.009947869926691055, 0.00980857852846384, 0.009618948213756084, 0.00974096916615963, 0.008901736699044704, 0.008861975744366646, 0.00889453012496233, 0.00891096331179142, 0.008858433924615383, 0.008927125483751297, 0.008831164799630642, 0.00887796189635992, 0.008865270763635635, 0.008872968144714832, 0.008855055086314678, 0.008819306269288063, 0.008816111832857132, 0.008806455880403519, 0.008805925026535988, 0.008809715509414673, 0.008805016055703163, 0.00880721490830183, 0.008809770457446575, 0.008806859143078327, 0.008806738071143627], "lr": [0.0010000000474974513, 0.0010000000474974513, 0.0010000000474974513, 0.0010000000474974513, 0.0010000000474974513, 0.0010000000474974513, 0.0010000000474974513, 0.0010000000474974513, 0.0010000000474974513, 0.0010000000474974513, 0.0010000000474974513, 0.0010000000474974513, 0.0010000000474974513, 0.0010000000474974513, 0.0010000000474974513, 0.0010000000474974513, 0.0010000000474974513, 0.0010000000474974513, 0.0010000000474974513, 0.0010000000474974513, 0.0010000000474974513, 0.0010000000474974513, 0.0010000000474974513, 0.0010000000474974513, 0.0010000000474974513, 0.0010000000474974513, 0.0010000000474974513, 0.0010000000474974513, 0.0010000000474974513, 0.0010000000474974513, 0.0010000000474974513, 0.0010000000474974513, 0.0010000000474974513, 0.0010000000474974513, 0.0010000000474974513, 0.0010000000474974513, 0.0010000000474974513, 0.0010000000474974513, 0.0010000000474974513, 0.0010000000474974513, 0.0010000000474974513, 0.0010000000474974513, 0.0010000000474974513, 0.0010000000474974513, 0.0010000000474974513, 0.0010000000474974513, 0.0010000000474974513, 0.0010000000474974513, 0.0010000000474974513, 0.0010000000474974513, 0.0010000000474974513, 0.0010000000474974513, 0.0010000000474974513, 0.0010000000474974513, 0.0010000000474974513, 0.0010000000474974513, 0.0010000000474974513, 0.0010000000474974513, 0.0010000000474974513, 0.0010000000474974513, 0.0010000000474974513, 0.0010000000474974513, 0.0010000000474974513, 0.0010000000474974513, 0.0010000000474974513, 0.0010000000474974513, 0.0010000000474974513, 0.0010000000474974513, 0.0010000000474974513, 0.0010000000474974513, 0.0010000000474974513, 0.0010000000474974513, 0.0010000000474974513, 0.0010000000474974513, 0.0010000000474974513, 0.0010000000474974513, 0.0010000000474974513, 0.0010000000474974513, 0.0010000000474974513, 0.00010000000474974513, 0.00010000000474974513, 0.00010000000474974513, 0.00010000000474974513, 0.00010000000474974513, 0.00010000000474974513, 0.00010000000474974513, 0.00010000000474974513, 0.00010000000474974513, 0.00010000000474974513, 0.00010000000474974513, 1.0000000656873453e-05, 1.0000000656873453e-05, 1.0000000656873453e-05, 1.0000000656873453e-05, 1.0000000656873453e-05, 1.0000000656873453e-05, 1.0000000656873453e-05, 1.0000000656873453e-05, 1.0000000656873453e-05, 1.0000000656873453e-05]}