{"loss": [0.10580629855394363, 0.027204295620322227, 0.021576471626758575, 0.01923307403922081, 0.018111197277903557, 0.01732173189520836, 0.016761962324380875, 0.016342703253030777, 0.01595314033329487, 0.015593660064041615, 0.015357359312474728, 0.015142081305384636, 0.014977865852415562, 0.014725388027727604, 0.014520890079438686, 0.01439078338444233, 0.01425014529377222, 0.014038178138434887, 0.013873257674276829, 0.01378712523728609, 0.013606071472167969, 0.01345240231603384, 0.013327818363904953, 0.01316734217107296, 0.01315387338399887, 0.01292467676103115, 0.01287140790373087, 0.01271939929574728, 0.012600837275385857, 0.012403091415762901, 0.01239309273660183, 0.012250497937202454, 0.012130359187722206, 0.012063388712704182, 0.011942059732973576, 0.011903555132448673, 0.011683985590934753, 0.011620915494859219, 0.01152956485748291, 0.011376301757991314, 0.011312810704112053, 0.011146911419928074, 0.011164691299200058, 0.011010159738361835, 0.01090490072965622, 0.010967828333377838, 0.010829376056790352, 0.010687639005482197, 0.01057998277246952, 0.010516701266169548, 0.010426185093820095, 0.010452000424265862, 0.01034887507557869, 0.010216730646789074, 0.010048948228359222, 0.010009648278355598, 0.009965806268155575, 0.009992485865950584, 0.009860100224614143, 0.009716496802866459, 0.00969329010695219, 0.009523915126919746, 0.009520793333649635, 0.009392649866640568, 0.00950672384351492, 0.009276436641812325, 0.009290619753301144, 0.00914481095969677, 0.009063595905900002, 0.009026488289237022, 0.009079637937247753, 0.009025845676660538, 0.008941098116338253, 0.008703889325261116, 0.00870201364159584, 0.008675900287926197, 0.008617034181952477, 0.008529771119356155, 0.008541140705347061, 0.00838562473654747, 0.008465203456580639, 0.008306912146508694, 0.008259451016783714, 0.008390014059841633, 0.008235582150518894, 0.007285718340426683, 0.007044801488518715, 0.00701400451362133, 0.006983651779592037, 0.006969337817281485, 0.006962342653423548, 0.00695753563195467, 0.006936597637832165, 0.006941255647689104, 0.00692469347268343, 0.006903253495693207, 0.006809632759541273, 0.006786059588193893, 0.006781613454222679, 0.006781061179935932], "val_loss": [0.0359981432557106, 0.023712413385510445, 0.020588044077157974, 0.01919577457010746, 0.018236899748444557, 0.017445551231503487, 0.017174173146486282, 0.016801584511995316, 0.016640817746520042, 0.016067981719970703, 0.01610318385064602, 0.01586139388382435, 0.015664534643292427, 0.015499711968004704, 0.015188830904662609, 0.015219529159367085, 0.01521936897188425, 0.015041002072393894, 0.014981845393776894, 0.014761857688426971, 0.014667026698589325, 0.0147048719227314, 0.014491141773760319, 0.014455622993409634, 0.01445039827376604, 0.014307722449302673, 0.014241575263440609, 0.014222037978470325, 0.0142372390255332, 0.013981960713863373, 0.013938650488853455, 0.013925708830356598, 0.014020799659192562, 0.01393559668213129, 0.013639118522405624, 0.01361039374023676, 0.013762958347797394, 0.01366646122187376, 0.013637205585837364, 0.013403820805251598, 0.013601279817521572, 0.013489358127117157, 0.013461997732520103, 0.013481264002621174, 0.013481183908879757, 0.013258184306323528, 0.013376373797655106, 0.013361175544559956, 0.013275654055178165, 0.013400282710790634, 0.013167871162295341, 0.013279557228088379, 0.01322254166007042, 0.013224191963672638, 0.012935368344187737, 0.013085835613310337, 0.01293035689741373, 0.01335951592773199, 0.01303295698016882, 0.012840813025832176, 0.012781111523509026, 0.01293137762695551, 0.013015137054026127, 0.013261011801660061, 0.012759072706103325, 0.013100530952215195, 0.012949098832905293, 0.012669623829424381, 0.012669654563069344, 0.012791512534022331, 0.013039196841418743, 0.01273793913424015, 0.012904186733067036, 0.012737288139760494, 0.012562910094857216, 0.0130002461373806, 0.012771829031407833, 0.01263754814863205, 0.012567580677568913, 0.01305184792727232, 0.01266226451843977, 0.01313110627233982, 0.012992003932595253, 0.013124987483024597, 0.013093394227325916, 0.011941935867071152, 0.011932237073779106, 0.011911788955330849, 0.011914921924471855, 0.0118959816172719, 0.011888941749930382, 0.011899788863956928, 0.011928762309253216, 0.011890909634530544, 0.01191991101950407, 0.011911176145076752, 0.01186894066631794, 0.011868868954479694, 0.011868804693222046, 0.011867275461554527], "lr": [0.0010000000474974513, 0.0010000000474974513, 0.0010000000474974513, 0.0010000000474974513, 0.0010000000474974513, 0.0010000000474974513, 0.0010000000474974513, 0.0010000000474974513, 0.0010000000474974513, 0.0010000000474974513, 0.0010000000474974513, 0.0010000000474974513, 0.0010000000474974513, 0.0010000000474974513, 0.0010000000474974513, 0.0010000000474974513, 0.0010000000474974513, 0.0010000000474974513, 0.0010000000474974513, 0.0010000000474974513, 0.0010000000474974513, 0.0010000000474974513, 0.0010000000474974513, 0.0010000000474974513, 0.0010000000474974513, 0.0010000000474974513, 0.0010000000474974513, 0.0010000000474974513, 0.0010000000474974513, 0.0010000000474974513, 0.0010000000474974513, 0.0010000000474974513, 0.0010000000474974513, 0.0010000000474974513, 0.0010000000474974513, 0.0010000000474974513, 0.0010000000474974513, 0.0010000000474974513, 0.0010000000474974513, 0.0010000000474974513, 0.0010000000474974513, 0.0010000000474974513, 0.0010000000474974513, 0.0010000000474974513, 0.0010000000474974513, 0.0010000000474974513, 0.0010000000474974513, 0.0010000000474974513, 0.0010000000474974513, 0.0010000000474974513, 0.0010000000474974513, 0.0010000000474974513, 0.0010000000474974513, 0.0010000000474974513, 0.0010000000474974513, 0.0010000000474974513, 0.0010000000474974513, 0.0010000000474974513, 0.0010000000474974513, 0.0010000000474974513, 0.0010000000474974513, 0.0010000000474974513, 0.0010000000474974513, 0.0010000000474974513, 0.0010000000474974513, 0.0010000000474974513, 0.0010000000474974513, 0.0010000000474974513, 0.0010000000474974513, 0.0010000000474974513, 0.0010000000474974513, 0.0010000000474974513, 0.0010000000474974513, 0.0010000000474974513, 0.0010000000474974513, 0.0010000000474974513, 0.0010000000474974513, 0.0010000000474974513, 0.0010000000474974513, 0.0010000000474974513, 0.0010000000474974513, 0.0010000000474974513, 0.0010000000474974513, 0.0010000000474974513, 0.0010000000474974513, 0.00010000000474974513, 0.00010000000474974513, 0.00010000000474974513, 0.00010000000474974513, 0.00010000000474974513, 0.00010000000474974513, 0.00010000000474974513, 0.00010000000474974513, 0.00010000000474974513, 0.00010000000474974513, 0.00010000000474974513, 1.0000000656873453e-05, 1.0000000656873453e-05, 1.0000000656873453e-05, 1.0000000656873453e-05]}