{"loss": [0.18530814349651337, 0.01961350627243519, 0.014849171973764896, 0.014196375384926796, 0.013863039202988148, 0.01359501201659441, 0.013363240286707878, 0.013069813139736652, 0.012555650435388088, 0.011847402900457382, 0.011159933172166348, 0.010734941810369492, 0.010424142703413963, 0.010279503650963306, 0.010124738328158855, 0.010045861825346947, 0.009880030527710915, 0.009778756648302078, 0.009724459610879421, 0.009491474367678165, 0.009437745437026024, 0.009401659481227398, 0.009364576078951359, 0.009340456686913967, 0.009287603199481964, 0.00927386712282896, 0.009229360148310661, 0.009213085286319256, 0.009201664477586746, 0.0091643575578928, 0.00911510456353426, 0.009109387174248695, 0.009104701690375805, 0.009102396667003632, 0.00910604652017355, 0.009099890477955341, 0.009102759882807732, 0.009094808250665665, 0.009090949781239033, 0.009087991900742054, 0.0090855797752738, 0.0090815220028162, 0.009080898016691208, 0.009080606512725353, 0.009080573916435242, 0.009080139920115471, 0.009080183692276478, 0.009080025367438793, 0.009079765528440475, 0.009079045616090298, 0.009079014882445335, 0.009078385308384895, 0.00907853338867426, 0.009077902883291245, 0.009077707305550575, 0.009077169001102448, 0.009077288210391998, 0.009076818823814392, 0.009076440706849098, 0.009075889363884926, 0.009075923822820187, 0.009075433015823364, 0.009075013920664787, 0.009075552225112915, 0.009074080735445023, 0.009073655121028423, 0.009073927067220211, 0.009073391556739807, 0.009072874672710896, 0.009072567336261272, 0.009072219021618366, 0.009072007611393929, 0.009071508422493935, 0.0090712308883667, 0.009070965461432934, 0.009070665575563908, 0.009070000611245632, 0.009069347754120827, 0.009068974293768406, 0.009069635532796383, 0.009068485349416733, 0.009068179875612259, 0.009068076498806477, 0.009067375212907791, 0.009066743776202202, 0.009066233411431313, 0.009066354483366013, 0.009065807797014713, 0.009065300226211548, 0.00906511303037405, 0.009064407087862492, 0.00906377099454403, 0.009063406847417355, 0.009063387289643288, 0.009062666445970535, 0.009062336757779121, 0.009061625227332115, 0.009061257354915142, 0.009060858748853207, 0.009060174226760864], "val_loss": [0.03825738653540611, 0.017831262201070786, 0.01683822274208069, 0.016527695581316948, 0.016306089237332344, 0.01609676145017147, 0.016001159325242043, 0.015905214473605156, 0.015756001695990562, 0.015878796577453613, 0.01590053364634514, 0.01589454710483551, 0.01581800915300846, 0.015910107642412186, 0.016157299280166626, 0.01586914248764515, 0.015698041766881943, 0.015714436769485474, 0.015665289014577866, 0.015636086463928223, 0.015619182959198952, 0.01567787677049637, 0.015807759016752243, 0.015660744160413742, 0.015987342223525047, 0.015740325674414635, 0.015657326206564903, 0.015678271651268005, 0.015606445260345936, 0.015696534886956215, 0.01563761942088604, 0.015662524849176407, 0.015636609867215157, 0.015641437843441963, 0.015655040740966797, 0.015657775104045868, 0.015649259090423584, 0.015685174614191055, 0.01564975641667843, 0.015659362077713013, 0.015640148892998695, 0.015630092471837997, 0.0156310573220253, 0.01563175767660141, 0.015630265697836876, 0.015630904585123062, 0.0156300887465477, 0.015630893409252167, 0.01563252881169319, 0.01563137210905552, 0.01563166454434395, 0.01563211716711521, 0.015633435919880867, 0.015632452443242073, 0.015632959082722664, 0.01563306711614132, 0.015633301809430122, 0.015631981194019318, 0.015634095296263695, 0.015633100643754005, 0.01563417725265026, 0.01562906801700592, 0.015630798414349556, 0.015633035451173782, 0.015632564201951027, 0.015631448477506638, 0.015628965571522713, 0.015631217509508133, 0.01562989316880703, 0.015631532296538353, 0.01563144661486149, 0.015629980713129044, 0.01562974415719509, 0.015628593042492867, 0.015632389113307, 0.015631720423698425, 0.01563343033194542, 0.01562967151403427, 0.015630336478352547, 0.01563202776014805, 0.015629742294549942, 0.015630710870027542, 0.01563084125518799, 0.01562638394534588, 0.015629444271326065, 0.015628470107913017, 0.01562696322798729, 0.015630783513188362, 0.0156280267983675, 0.015628177672624588, 0.015628814697265625, 0.015627268701791763, 0.015629379078745842, 0.015628525987267494, 0.01562776230275631, 0.01562783308327198, 0.01563001424074173, 0.015627926215529442, 0.015624815598130226, 0.015624691732227802], "lr": [0.0010000000474974513, 0.0010000000474974513, 0.0010000000474974513, 0.0010000000474974513, 0.0010000000474974513, 0.0010000000474974513, 0.0010000000474974513, 0.0010000000474974513, 0.0010000000474974513, 0.0010000000474974513, 0.0010000000474974513, 0.0010000000474974513, 0.0010000000474974513, 0.0010000000474974513, 0.0010000000474974513, 0.0010000000474974513, 0.0010000000474974513, 0.0010000000474974513, 0.0010000000474974513, 0.00010000000474974513, 0.00010000000474974513, 0.00010000000474974513, 0.00010000000474974513, 0.00010000000474974513, 0.00010000000474974513, 0.00010000000474974513, 0.00010000000474974513, 0.00010000000474974513, 0.00010000000474974513, 0.00010000000474974513, 1.0000000656873453e-05, 1.0000000656873453e-05, 1.0000000656873453e-05, 1.0000000656873453e-05, 1.0000000656873453e-05, 1.0000000656873453e-05, 1.0000000656873453e-05, 1.0000000656873453e-05, 1.0000000656873453e-05, 1.0000000656873453e-05, 1.0000001111620804e-06, 1.0000001111620804e-06, 1.0000001111620804e-06, 1.0000001111620804e-06, 1.0000001111620804e-06, 1.0000001111620804e-06, 1.0000001111620804e-06, 1.0000001111620804e-06, 1.0000001111620804e-06, 1.0000001111620804e-06, 9.999999974752427e-07, 9.999999974752427e-07, 9.999999974752427e-07, 9.999999974752427e-07, 9.999999974752427e-07, 9.999999974752427e-07, 9.999999974752427e-07, 9.999999974752427e-07, 9.999999974752427e-07, 9.999999974752427e-07, 9.999999974752427e-07, 9.999999974752427e-07, 9.999999974752427e-07, 9.999999974752427e-07, 9.999999974752427e-07, 9.999999974752427e-07, 9.999999974752427e-07, 9.999999974752427e-07, 9.999999974752427e-07, 9.999999974752427e-07, 9.999999974752427e-07, 9.999999974752427e-07, 9.999999974752427e-07, 9.999999974752427e-07, 9.999999974752427e-07, 9.999999974752427e-07, 9.999999974752427e-07, 9.999999974752427e-07, 9.999999974752427e-07, 9.999999974752427e-07, 9.999999974752427e-07, 9.999999974752427e-07, 9.999999974752427e-07, 9.999999974752427e-07, 9.999999974752427e-07, 9.999999974752427e-07, 9.999999974752427e-07, 9.999999974752427e-07, 9.999999974752427e-07, 9.999999974752427e-07, 9.999999974752427e-07, 9.999999974752427e-07, 9.999999974752427e-07, 9.999999974752427e-07, 9.999999974752427e-07, 9.999999974752427e-07, 9.999999974752427e-07, 9.999999974752427e-07, 9.999999974752427e-07, 9.999999974752427e-07]}