{"loss": [0.1810642033815384, 0.016956603154540062, 0.012768927961587906, 0.012170710600912571, 0.011868606321513653, 0.01164543628692627, 0.011373050510883331, 0.01101922057569027, 0.010413446463644505, 0.00976394210010767, 0.009029999375343323, 0.008545400574803352, 0.008139591664075851, 0.0077653988264501095, 0.007608712650835514, 0.00749855674803257, 0.007357461377978325, 0.007370987441390753, 0.0071709975600242615, 0.0070966389030218124, 0.007111251819878817, 0.006986868102103472, 0.006930588744580746, 0.006908099167048931, 0.0068137734197080135, 0.00679690670222044, 0.006720077712088823, 0.006701851729303598, 0.006778338924050331, 0.006555409636348486, 0.0065623074769973755, 0.006603233516216278, 0.006569664925336838, 0.006447935476899147, 0.006310459692031145, 0.006299123167991638, 0.006311344914138317, 0.006288652773946524, 0.006287608295679092, 0.006287297699600458, 0.006282771471887827, 0.00627167709171772, 0.006270336918532848, 0.006282503250986338, 0.006264751311391592, 0.0062509155832231045, 0.006249604281038046, 0.006247497629374266, 0.006246298085898161, 0.006248338147997856, 0.006244647782295942, 0.006247956771403551, 0.006246000528335571, 0.006244046147912741, 0.006243516691029072, 0.00624144496396184, 0.006240807939320803, 0.0062406533397734165, 0.006240558344870806, 0.006240410264581442, 0.006240491289645433, 0.006240386050194502, 0.006240271497517824, 0.0062403082847595215, 0.006240218877792358, 0.006240133196115494, 0.0062401872128248215, 0.0062399753369390965, 0.006240017246454954, 0.0062398952431976795, 0.00624015973880887, 0.006239882204681635, 0.006239897571504116, 0.006240028887987137, 0.006239626556634903, 0.006239430513232946, 0.006239600945264101, 0.006239371839910746, 0.006239595822989941, 0.006239552982151508, 0.006239128299057484, 0.006239105947315693, 0.006239035166800022, 0.006238781847059727, 0.006238772068172693, 0.006239212118089199, 0.006238617468625307, 0.006238685920834541, 0.006238520611077547, 0.006238504312932491, 0.006238444242626429, 0.0062381308525800705, 0.006238161586225033, 0.006238048896193504, 0.006238026078790426, 0.0062379660084843636, 0.0062381671741604805, 0.006237951572984457, 0.006237832363694906, 0.006237589288502932], "val_loss": [0.03225378319621086, 0.01429070346057415, 0.01340237632393837, 0.01303876843303442, 0.012852217070758343, 0.012651330791413784, 0.012521181255578995, 0.012232627719640732, 0.012081282213330269, 0.011777895502746105, 0.01172361895442009, 0.01134576741605997, 0.01127815991640091, 0.01136362086981535, 0.011048483662307262, 0.011080958880484104, 0.011275087483227253, 0.010914454236626625, 0.010884465649724007, 0.011002976447343826, 0.01082554180175066, 0.01093242410570383, 0.010922444984316826, 0.010672383941709995, 0.010628250427544117, 0.010918651707470417, 0.010724002495408058, 0.01065801177173853, 0.010690556839108467, 0.010627176612615585, 0.010594863444566727, 0.010764380916953087, 0.010952104814350605, 0.0106198750436306, 0.01045180018991232, 0.010528318583965302, 0.01050152163952589, 0.010433928109705448, 0.010491851717233658, 0.010510618798434734, 0.010459263809025288, 0.01046870555728674, 0.010538110509514809, 0.010466648265719414, 0.010435015894472599, 0.010447300970554352, 0.010468466207385063, 0.010464688763022423, 0.010487339459359646, 0.010475264862179756, 0.010493882931768894, 0.010477710515260696, 0.010480419732630253, 0.010476703755557537, 0.010488809086382389, 0.01048546377569437, 0.010484736412763596, 0.010484132915735245, 0.010483520105481148, 0.010483450256288052, 0.01048226933926344, 0.01048238668590784, 0.01048184186220169, 0.010481150820851326, 0.010482645593583584, 0.010482022538781166, 0.010481813922524452, 0.010481711477041245, 0.010481644421815872, 0.010481856763362885, 0.010481545701622963, 0.0104804253205657, 0.010481031611561775, 0.010480753146111965, 0.010481595993041992, 0.010482256300747395, 0.010480704717338085, 0.010480361990630627, 0.010481803677976131, 0.010482043027877808, 0.010482278652489185, 0.010481307283043861, 0.01048099435865879, 0.010480652563273907, 0.010480807162821293, 0.01048136968165636, 0.010480527766048908, 0.010480801574885845, 0.010480993427336216, 0.010480928234755993, 0.010479990392923355, 0.010481120087206364, 0.010480297729372978, 0.010481519624590874, 0.010480491444468498, 0.010481045581400394, 0.010481304489076138, 0.010479736141860485, 0.010479182936251163, 0.010481240227818489], "lr": [0.0010000000474974513, 0.0010000000474974513, 0.0010000000474974513, 0.0010000000474974513, 0.0010000000474974513, 0.0010000000474974513, 0.0010000000474974513, 0.0010000000474974513, 0.0010000000474974513, 0.0010000000474974513, 0.0010000000474974513, 0.0010000000474974513, 0.0010000000474974513, 0.0010000000474974513, 0.0010000000474974513, 0.0010000000474974513, 0.0010000000474974513, 0.0010000000474974513, 0.0010000000474974513, 0.0010000000474974513, 0.0010000000474974513, 0.0010000000474974513, 0.0010000000474974513, 0.0010000000474974513, 0.0010000000474974513, 0.0010000000474974513, 0.0010000000474974513, 0.0010000000474974513, 0.0010000000474974513, 0.0010000000474974513, 0.0010000000474974513, 0.0010000000474974513, 0.0010000000474974513, 0.0010000000474974513, 0.00010000000474974513, 0.00010000000474974513, 0.00010000000474974513, 0.00010000000474974513, 0.00010000000474974513, 0.00010000000474974513, 0.00010000000474974513, 0.00010000000474974513, 0.00010000000474974513, 0.00010000000474974513, 0.00010000000474974513, 1.0000000656873453e-05, 1.0000000656873453e-05, 1.0000000656873453e-05, 1.0000000656873453e-05, 1.0000000656873453e-05, 1.0000000656873453e-05, 1.0000000656873453e-05, 1.0000000656873453e-05, 1.0000000656873453e-05, 1.0000000656873453e-05, 1.0000001111620804e-06, 1.0000001111620804e-06, 1.0000001111620804e-06, 1.0000001111620804e-06, 1.0000001111620804e-06, 1.0000001111620804e-06, 1.0000001111620804e-06, 1.0000001111620804e-06, 1.0000001111620804e-06, 1.0000001111620804e-06, 9.999999974752427e-07, 9.999999974752427e-07, 9.999999974752427e-07, 9.999999974752427e-07, 9.999999974752427e-07, 9.999999974752427e-07, 9.999999974752427e-07, 9.999999974752427e-07, 9.999999974752427e-07, 9.999999974752427e-07, 9.999999974752427e-07, 9.999999974752427e-07, 9.999999974752427e-07, 9.999999974752427e-07, 9.999999974752427e-07, 9.999999974752427e-07, 9.999999974752427e-07, 9.999999974752427e-07, 9.999999974752427e-07, 9.999999974752427e-07, 9.999999974752427e-07, 9.999999974752427e-07, 9.999999974752427e-07, 9.999999974752427e-07, 9.999999974752427e-07, 9.999999974752427e-07, 9.999999974752427e-07, 9.999999974752427e-07, 9.999999974752427e-07, 9.999999974752427e-07, 9.999999974752427e-07, 9.999999974752427e-07, 9.999999974752427e-07, 9.999999974752427e-07, 9.999999974752427e-07]}