{"loss": [0.19415001571178436, 0.019535599276423454, 0.012292108498513699, 0.011538727208971977, 0.01117787417024374, 0.010869630612432957, 0.0103752501308918, 0.009570964612066746, 0.008312631398439407, 0.007147170137614012, 0.00652758963406086, 0.0063495878130197525, 0.006184633821249008, 0.006080403458327055, 0.006061984691768885, 0.005896480288356543, 0.005883617792278528, 0.005778382532298565, 0.005759162828326225, 0.005706686992198229, 0.005620691925287247, 0.005599353462457657, 0.0055268737487494946, 0.005445646587759256, 0.0053876955062150955, 0.005400207359343767, 0.005381046794354916, 0.005307177547365427, 0.00532836839556694, 0.00521631957963109, 0.005283608101308346, 0.005277236457914114, 0.005169558804482222, 0.005151194520294666, 0.005138974636793137, 0.005253842566162348, 0.0052121528424322605, 0.005110067315399647, 0.005087437108159065, 0.00504101999104023, 0.005067828577011824, 0.005049817264080048, 0.00500204274430871, 0.00504400534555316, 0.005018357187509537, 0.004976948723196983, 0.004957765806466341, 0.005018296185880899, 0.004959470126777887, 0.004962771665304899, 0.004853043705224991, 0.004820480477064848, 0.00480668107047677, 0.004802487790584564, 0.004800622817128897, 0.004795848857611418, 0.004799076355993748, 0.00480149919167161, 0.0047980365343391895, 0.0047859023325145245, 0.0047911386936903, 0.004778509959578514, 0.004777711816132069, 0.004778088070452213, 0.004776636138558388, 0.004777748603373766, 0.0047783683985471725, 0.004777257796376944, 0.004776885267347097, 0.004776170011609793, 0.004773941356688738, 0.004773737862706184, 0.00477385800331831, 0.004773781634867191, 0.004773769527673721, 0.0047736335545778275, 0.004773677326738834, 0.0047739166766405106, 0.004773454740643501, 0.004773763474076986, 0.004773525055497885, 0.0047735366970300674, 0.004773541819304228, 0.004773641005158424, 0.004773431923240423, 0.004773471038788557, 0.004773488733917475, 0.004773376975208521, 0.004773275926709175, 0.004773348569869995, 0.004773337859660387, 0.004773433785885572, 0.004773181863129139, 0.004773314576596022, 0.00477313669398427, 0.00477318512275815, 0.004773216787725687, 0.004773405846208334, 0.004773218184709549, 0.004773063585162163], "val_loss": [0.045876432210206985, 0.013889326713979244, 0.01267106644809246, 0.012192974798381329, 0.011888264678418636, 0.011617021635174751, 0.011331413872539997, 0.010870886966586113, 0.010310056619346142, 0.009757298976182938, 0.009583759121596813, 0.009710690006613731, 0.00962921790778637, 0.00952690839767456, 0.00934381503611803, 0.00933133251965046, 0.009273399598896503, 0.009294334799051285, 0.009196179918944836, 0.009314222261309624, 0.009195445105433464, 0.009101035073399544, 0.009180968627333641, 0.009066703729331493, 0.008987518027424812, 0.00915611069649458, 0.008964778855443, 0.009013963863253593, 0.00913715548813343, 0.00894930213689804, 0.00899908784776926, 0.008862153626978397, 0.008950674906373024, 0.009039263240993023, 0.008954147808253765, 0.009392417967319489, 0.009118316695094109, 0.008873766288161278, 0.008877585642039776, 0.008639863692224026, 0.008850389160215855, 0.008828038349747658, 0.008719708770513535, 0.008734903298318386, 0.008763501420617104, 0.008922268636524677, 0.008785943500697613, 0.00869010854512453, 0.008838403970003128, 0.008913652040064335, 0.008678453043103218, 0.00865713506937027, 0.008630558848381042, 0.008716895245015621, 0.008678487502038479, 0.008659429848194122, 0.008667425252497196, 0.008678755722939968, 0.00863571371883154, 0.008758040145039558, 0.008686080574989319, 0.008672842755913734, 0.008668995462357998, 0.008669380098581314, 0.00866589043289423, 0.008677097037434578, 0.008671777322888374, 0.008674420416355133, 0.008668488822877407, 0.00866756308823824, 0.008668692782521248, 0.008669990114867687, 0.008669775910675526, 0.008669393137097359, 0.008670302107930183, 0.008670305833220482, 0.008671203628182411, 0.008670729584991932, 0.008671336807310581, 0.00867158267647028, 0.008671814575791359, 0.008672735653817654, 0.00867246650159359, 0.008672283962368965, 0.008671675808727741, 0.008672459982335567, 0.008671976625919342, 0.008672230876982212, 0.008672221563756466, 0.008672471158206463, 0.008672496303915977, 0.008671957068145275, 0.008672960102558136, 0.008672526106238365, 0.008673271164298058, 0.008673462085425854, 0.008673056960105896, 0.008673076517879963, 0.008672995492815971, 0.008673284202814102], "lr": [0.0010000000474974513, 0.0010000000474974513, 0.0010000000474974513, 0.0010000000474974513, 0.0010000000474974513, 0.0010000000474974513, 0.0010000000474974513, 0.0010000000474974513, 0.0010000000474974513, 0.0010000000474974513, 0.0010000000474974513, 0.0010000000474974513, 0.0010000000474974513, 0.0010000000474974513, 0.0010000000474974513, 0.0010000000474974513, 0.0010000000474974513, 0.0010000000474974513, 0.0010000000474974513, 0.0010000000474974513, 0.0010000000474974513, 0.0010000000474974513, 0.0010000000474974513, 0.0010000000474974513, 0.0010000000474974513, 0.0010000000474974513, 0.0010000000474974513, 0.0010000000474974513, 0.0010000000474974513, 0.0010000000474974513, 0.0010000000474974513, 0.0010000000474974513, 0.0010000000474974513, 0.0010000000474974513, 0.0010000000474974513, 0.0010000000474974513, 0.0010000000474974513, 0.0010000000474974513, 0.0010000000474974513, 0.0010000000474974513, 0.0010000000474974513, 0.0010000000474974513, 0.0010000000474974513, 0.0010000000474974513, 0.0010000000474974513, 0.0010000000474974513, 0.0010000000474974513, 0.0010000000474974513, 0.0010000000474974513, 0.0010000000474974513, 0.00010000000474974513, 0.00010000000474974513, 0.00010000000474974513, 0.00010000000474974513, 0.00010000000474974513, 0.00010000000474974513, 0.00010000000474974513, 0.00010000000474974513, 0.00010000000474974513, 0.00010000000474974513, 1.0000000656873453e-05, 1.0000000656873453e-05, 1.0000000656873453e-05, 1.0000000656873453e-05, 1.0000000656873453e-05, 1.0000000656873453e-05, 1.0000000656873453e-05, 1.0000000656873453e-05, 1.0000000656873453e-05, 1.0000000656873453e-05, 1.0000001111620804e-06, 1.0000001111620804e-06, 1.0000001111620804e-06, 1.0000001111620804e-06, 1.0000001111620804e-06, 1.0000001111620804e-06, 1.0000001111620804e-06, 1.0000001111620804e-06, 1.0000001111620804e-06, 1.0000001111620804e-06, 9.999999974752427e-07, 9.999999974752427e-07, 9.999999974752427e-07, 9.999999974752427e-07, 9.999999974752427e-07, 9.999999974752427e-07, 9.999999974752427e-07, 9.999999974752427e-07, 9.999999974752427e-07, 9.999999974752427e-07, 9.999999974752427e-07, 9.999999974752427e-07, 9.999999974752427e-07, 9.999999974752427e-07, 9.999999974752427e-07, 9.999999974752427e-07, 9.999999974752427e-07, 9.999999974752427e-07, 9.999999974752427e-07, 9.999999974752427e-07]}