{"loss": [0.17996694147586823, 0.016094442456960678, 0.012104403227567673, 0.01165243424475193, 0.011262333951890469, 0.010949536226689816, 0.010315125808119774, 0.009414262138307095, 0.0085519477725029, 0.007785466033965349, 0.007363313343375921, 0.007208815310150385, 0.007066713180392981, 0.006980702746659517, 0.006921316962689161, 0.006824445445090532, 0.006702776998281479, 0.006537111010402441, 0.006462306249886751, 0.006405014544725418, 0.0063929567113518715, 0.00632091797888279, 0.006314806640148163, 0.006310967728495598, 0.006205336190760136, 0.006201783660799265, 0.00615861639380455, 0.006155498791486025, 0.006139236968010664, 0.006110333371907473, 0.006144109182059765, 0.006040497217327356, 0.006040206644684076, 0.006007748190313578, 0.005990094505250454, 0.006014465354382992, 0.006006624549627304, 0.006003336049616337, 0.005925020202994347, 0.005904077552258968, 0.005934595596045256, 0.005877168849110603, 0.005850952584296465, 0.005893187131732702, 0.005876853596419096, 0.005916123278439045, 0.005858028307557106, 0.005720068234950304, 0.00570976547896862, 0.005718030966818333, 0.005702315364032984, 0.005708181299269199, 0.0057046557776629925, 0.0057044122368097305, 0.0057026417925953865, 0.005705810151994228, 0.005694251041859388, 0.005688742734491825, 0.005684614181518555, 0.005683047231286764, 0.005681624636054039, 0.0056833443231880665, 0.0056857457384467125, 0.0056808325462043285, 0.005682272836565971, 0.00568146537989378, 0.005681612063199282, 0.005679074674844742, 0.005678805522620678, 0.0056787580251693726, 0.005678658839315176, 0.005678880959749222, 0.005678993184119463, 0.00567871518433094, 0.005678615067154169, 0.005678598769009113, 0.005678645335137844, 0.00567871518433094, 0.005678681656718254, 0.005678631365299225, 0.005678539630025625, 0.00567857688292861, 0.0056784488260746, 0.005678448360413313, 0.0056784870103001595, 0.005678428802639246, 0.005678404588252306, 0.0056785037741065025, 0.005678468383848667, 0.005678259767591953, 0.005678524728864431, 0.005678416229784489, 0.005678298883140087, 0.005678059998899698, 0.005678343120962381, 0.005678260698914528, 0.005678151734173298, 0.005677974317222834, 0.0056780241429805756, 0.005678105168044567], "val_loss": [0.031054377555847168, 0.013271604664623737, 0.012532063759863377, 0.012305943295359612, 0.012011539191007614, 0.011736901476979256, 0.011225973255932331, 0.010861791670322418, 0.010394329205155373, 0.01033436693251133, 0.010137774981558323, 0.010202660225331783, 0.009916683658957481, 0.009953668341040611, 0.009929317981004715, 0.009750074706971645, 0.009841474704444408, 0.009625421836972237, 0.00958095584064722, 0.009650317952036858, 0.009478148072957993, 0.009613320231437683, 0.009690132923424244, 0.009561576880514622, 0.009519340470433235, 0.009432846680283546, 0.00946014653891325, 0.009372144937515259, 0.009279740042984486, 0.009584745392203331, 0.009402262978255749, 0.009312736801803112, 0.009399269707500935, 0.00941962469369173, 0.009523134678602219, 0.009454015642404556, 0.009050238877534866, 0.009104719385504723, 0.009506289847195148, 0.009205079637467861, 0.009349284693598747, 0.009046589955687523, 0.00948986317962408, 0.00908756535500288, 0.009307881817221642, 0.009267997927963734, 0.009186267852783203, 0.009145008400082588, 0.009152800776064396, 0.00911322794854641, 0.009110447019338608, 0.009138301014900208, 0.009094500914216042, 0.00913034938275814, 0.009110023267567158, 0.009108343161642551, 0.009040109813213348, 0.009075119160115719, 0.009108680300414562, 0.009116977453231812, 0.009119628928601742, 0.009124325588345528, 0.009112091735005379, 0.00912204198539257, 0.009117194451391697, 0.009120221249759197, 0.00912150926887989, 0.009120216593146324, 0.00912054069340229, 0.009120057336986065, 0.00911985244601965, 0.009119635447859764, 0.009120505303144455, 0.009119083173573017, 0.009120737202465534, 0.009120875038206577, 0.009121185168623924, 0.009119606576859951, 0.009118924848735332, 0.009120292961597443, 0.009121444076299667, 0.009119519963860512, 0.00912027433514595, 0.009120513685047626, 0.009120236150920391, 0.00912113580852747, 0.009121383540332317, 0.009120381437242031, 0.009120313450694084, 0.00912074651569128, 0.009119522757828236, 0.009120261296629906, 0.009120913222432137, 0.009120509959757328, 0.009120548143982887, 0.009120054543018341, 0.00912126712501049, 0.009120789356529713, 0.00912052858620882, 0.009121032431721687], "lr": [0.0010000000474974513, 0.0010000000474974513, 0.0010000000474974513, 0.0010000000474974513, 0.0010000000474974513, 0.0010000000474974513, 0.0010000000474974513, 0.0010000000474974513, 0.0010000000474974513, 0.0010000000474974513, 0.0010000000474974513, 0.0010000000474974513, 0.0010000000474974513, 0.0010000000474974513, 0.0010000000474974513, 0.0010000000474974513, 0.0010000000474974513, 0.0010000000474974513, 0.0010000000474974513, 0.0010000000474974513, 0.0010000000474974513, 0.0010000000474974513, 0.0010000000474974513, 0.0010000000474974513, 0.0010000000474974513, 0.0010000000474974513, 0.0010000000474974513, 0.0010000000474974513, 0.0010000000474974513, 0.0010000000474974513, 0.0010000000474974513, 0.0010000000474974513, 0.0010000000474974513, 0.0010000000474974513, 0.0010000000474974513, 0.0010000000474974513, 0.0010000000474974513, 0.0010000000474974513, 0.0010000000474974513, 0.0010000000474974513, 0.0010000000474974513, 0.0010000000474974513, 0.0010000000474974513, 0.0010000000474974513, 0.0010000000474974513, 0.0010000000474974513, 0.0010000000474974513, 0.00010000000474974513, 0.00010000000474974513, 0.00010000000474974513, 0.00010000000474974513, 0.00010000000474974513, 0.00010000000474974513, 0.00010000000474974513, 0.00010000000474974513, 0.00010000000474974513, 0.00010000000474974513, 1.0000000656873453e-05, 1.0000000656873453e-05, 1.0000000656873453e-05, 1.0000000656873453e-05, 1.0000000656873453e-05, 1.0000000656873453e-05, 1.0000000656873453e-05, 1.0000000656873453e-05, 1.0000000656873453e-05, 1.0000000656873453e-05, 1.0000001111620804e-06, 1.0000001111620804e-06, 1.0000001111620804e-06, 1.0000001111620804e-06, 1.0000001111620804e-06, 1.0000001111620804e-06, 1.0000001111620804e-06, 1.0000001111620804e-06, 1.0000001111620804e-06, 1.0000001111620804e-06, 9.999999974752427e-07, 9.999999974752427e-07, 9.999999974752427e-07, 9.999999974752427e-07, 9.999999974752427e-07, 9.999999974752427e-07, 9.999999974752427e-07, 9.999999974752427e-07, 9.999999974752427e-07, 9.999999974752427e-07, 9.999999974752427e-07, 9.999999974752427e-07, 9.999999974752427e-07, 9.999999974752427e-07, 9.999999974752427e-07, 9.999999974752427e-07, 9.999999974752427e-07, 9.999999974752427e-07, 9.999999974752427e-07, 9.999999974752427e-07, 9.999999974752427e-07, 9.999999974752427e-07, 9.999999974752427e-07]}