{"loss": [0.17566488683223724, 0.01519754994660616, 0.012124165892601013, 0.011598068289458752, 0.011258772574365139, 0.010833973996341228, 0.010075998492538929, 0.008730900473892689, 0.007794492412358522, 0.007257515098899603, 0.007002002559602261, 0.006844815332442522, 0.006768109276890755, 0.006663522217422724, 0.006623672321438789, 0.006506807636469603, 0.006494004279375076, 0.006353114731609821, 0.006368580739945173, 0.00628794077783823, 0.006270997226238251, 0.006177755072712898, 0.006147521547973156, 0.006130268797278404, 0.0059915813617408276, 0.006038988009095192, 0.0058909072540700436, 0.005824808031320572, 0.005830566864460707, 0.005836720112711191, 0.005752553232014179, 0.005799190141260624, 0.005688491743057966, 0.005660422146320343, 0.00569596653804183, 0.005650147795677185, 0.005617558490484953, 0.005581887438893318, 0.0054386574774980545, 0.005439567845314741, 0.005427743773907423, 0.0054590958170592785, 0.005416458938270807, 0.005421062000095844, 0.00541584100574255, 0.005433692131191492, 0.005424283444881439, 0.00540765468031168, 0.005393968429416418, 0.005390660837292671, 0.005391790997236967, 0.005390122067183256, 0.005388746969401836, 0.005388581193983555, 0.005387953482568264, 0.005388805642724037, 0.005387655459344387, 0.005388757213950157, 0.00538763590157032, 0.00538581283763051, 0.005385268945246935, 0.005385076627135277, 0.005384930409491062, 0.005384896416217089, 0.0053851306438446045, 0.005384685471653938, 0.0053850095719099045, 0.005384690593928099, 0.00538497231900692, 0.0053850580006837845, 0.005384609568864107, 0.005384575109928846, 0.005384466145187616, 0.005384449381381273, 0.005384592805057764, 0.005384720861911774, 0.00538452947512269, 0.00538434274494648, 0.005384441930800676, 0.005384108051657677, 0.005384291987866163, 0.00538426311686635, 0.005384143441915512, 0.005384054034948349, 0.00538390688598156, 0.005383791867643595, 0.0053836992010474205, 0.005383891984820366, 0.00538354879245162, 0.005383820738643408, 0.005383574403822422, 0.005383580923080444, 0.005383568815886974, 0.005383531097322702, 0.005383302457630634, 0.005383295007050037, 0.005383386742323637, 0.0053832195699214935, 0.005383134353905916, 0.005383156705647707], "val_loss": [0.02618425339460373, 0.013435248285531998, 0.012723525986075401, 0.012485098093748093, 0.012159102596342564, 0.011771178804337978, 0.011431316845119, 0.010874466970562935, 0.010560189373791218, 0.0103997141122818, 0.010430166497826576, 0.010307100601494312, 0.010240151546895504, 0.010361620225012302, 0.010045803152024746, 0.010259624570608139, 0.010006408207118511, 0.009992365725338459, 0.009962146170437336, 0.009905463084578514, 0.010032201185822487, 0.009974982589483261, 0.009788351133465767, 0.009987958706915379, 0.010164385661482811, 0.009678201749920845, 0.009769347496330738, 0.009465363807976246, 0.009525744244456291, 0.009563433937728405, 0.009740517474710941, 0.00962838064879179, 0.009818978607654572, 0.009441118687391281, 0.009883374907076359, 0.009538822807371616, 0.009513117372989655, 0.009518156759440899, 0.009515980258584023, 0.009502901695668697, 0.009421239607036114, 0.009472758509218693, 0.009545746259391308, 0.009504343383014202, 0.009523383341729641, 0.009448185563087463, 0.009470337070524693, 0.009494905360043049, 0.009468421339988708, 0.009458748623728752, 0.00946229137480259, 0.009456555359065533, 0.009457973763346672, 0.009455414488911629, 0.009452339261770248, 0.009456426836550236, 0.009448402561247349, 0.009455550462007523, 0.009455294348299503, 0.009456207975745201, 0.009456023573875427, 0.009456048719584942, 0.009456973522901535, 0.009455757215619087, 0.009456180036067963, 0.009455777704715729, 0.009455900639295578, 0.00945691205561161, 0.009456896223127842, 0.009456738829612732, 0.00945591926574707, 0.00945595744997263, 0.009455547668039799, 0.009455770254135132, 0.009456289000809193, 0.009455345571041107, 0.00945573765784502, 0.009456087835133076, 0.009456577710807323, 0.00945513416081667, 0.009455989114940166, 0.009453967213630676, 0.009454477578401566, 0.009454088285565376, 0.009454496204853058, 0.009454810060560703, 0.009454856626689434, 0.009455572813749313, 0.009454409591853619, 0.009455758146941662, 0.009453549981117249, 0.009453796781599522, 0.009455481544137001, 0.009453927166759968, 0.009453998878598213, 0.009453722275793552, 0.009453450329601765, 0.009452986530959606, 0.009454930201172829, 0.009453739039599895], "lr": [0.0010000000474974513, 0.0010000000474974513, 0.0010000000474974513, 0.0010000000474974513, 0.0010000000474974513, 0.0010000000474974513, 0.0010000000474974513, 0.0010000000474974513, 0.0010000000474974513, 0.0010000000474974513, 0.0010000000474974513, 0.0010000000474974513, 0.0010000000474974513, 0.0010000000474974513, 0.0010000000474974513, 0.0010000000474974513, 0.0010000000474974513, 0.0010000000474974513, 0.0010000000474974513, 0.0010000000474974513, 0.0010000000474974513, 0.0010000000474974513, 0.0010000000474974513, 0.0010000000474974513, 0.0010000000474974513, 0.0010000000474974513, 0.0010000000474974513, 0.0010000000474974513, 0.0010000000474974513, 0.0010000000474974513, 0.0010000000474974513, 0.0010000000474974513, 0.0010000000474974513, 0.0010000000474974513, 0.0010000000474974513, 0.0010000000474974513, 0.0010000000474974513, 0.0010000000474974513, 0.00010000000474974513, 0.00010000000474974513, 0.00010000000474974513, 0.00010000000474974513, 0.00010000000474974513, 0.00010000000474974513, 0.00010000000474974513, 0.00010000000474974513, 0.00010000000474974513, 0.00010000000474974513, 1.0000000656873453e-05, 1.0000000656873453e-05, 1.0000000656873453e-05, 1.0000000656873453e-05, 1.0000000656873453e-05, 1.0000000656873453e-05, 1.0000000656873453e-05, 1.0000000656873453e-05, 1.0000000656873453e-05, 1.0000000656873453e-05, 1.0000001111620804e-06, 1.0000001111620804e-06, 1.0000001111620804e-06, 1.0000001111620804e-06, 1.0000001111620804e-06, 1.0000001111620804e-06, 1.0000001111620804e-06, 1.0000001111620804e-06, 1.0000001111620804e-06, 1.0000001111620804e-06, 9.999999974752427e-07, 9.999999974752427e-07, 9.999999974752427e-07, 9.999999974752427e-07, 9.999999974752427e-07, 9.999999974752427e-07, 9.999999974752427e-07, 9.999999974752427e-07, 9.999999974752427e-07, 9.999999974752427e-07, 9.999999974752427e-07, 9.999999974752427e-07, 9.999999974752427e-07, 9.999999974752427e-07, 9.999999974752427e-07, 9.999999974752427e-07, 9.999999974752427e-07, 9.999999974752427e-07, 9.999999974752427e-07, 9.999999974752427e-07, 9.999999974752427e-07, 9.999999974752427e-07, 9.999999974752427e-07, 9.999999974752427e-07, 9.999999974752427e-07, 9.999999974752427e-07, 9.999999974752427e-07, 9.999999974752427e-07, 9.999999974752427e-07, 9.999999974752427e-07, 9.999999974752427e-07, 9.999999974752427e-07]}