{"loss": [0.1729128658771515, 0.01586960256099701, 0.012361336499452591, 0.01193283312022686, 0.011570488102734089, 0.011384601704776287, 0.011184640228748322, 0.010933615267276764, 0.010584608651697636, 0.009846113622188568, 0.009107083082199097, 0.008467783220112324, 0.008044124580919743, 0.007885404862463474, 0.007712861057370901, 0.007714345585554838, 0.007553485222160816, 0.007557753939181566, 0.0074742697179317474, 0.007398909889161587, 0.007381022907793522, 0.007362285163253546, 0.007305418606847525, 0.007256192620843649, 0.007265353575348854, 0.007237500511109829, 0.007152918726205826, 0.007123869378119707, 0.0070969355292618275, 0.007070829160511494, 0.007089105900377035, 0.007091577630490065, 0.007023259066045284, 0.007020376157015562, 0.0069786785170435905, 0.006980381440371275, 0.006960623431950808, 0.006989659741520882, 0.007014528848230839, 0.006951471790671349, 0.006857065949589014, 0.0069684842601418495, 0.00685704592615366, 0.006792173255234957, 0.006791417486965656, 0.0068829674273729324, 0.006773896049708128, 0.006780908443033695, 0.006633471231907606, 0.006600791122764349, 0.006617231760174036, 0.006616555154323578, 0.00660135131329298, 0.006600729189813137, 0.006595207843929529, 0.006592233199626207, 0.006584372371435165, 0.006597661413252354, 0.0065966336987912655, 0.006589103955775499, 0.006579603534191847, 0.006572035141289234, 0.006568832788616419, 0.0065642474219202995, 0.006568238604813814, 0.006564065348356962, 0.006565158721059561, 0.006562900263816118, 0.006564635317772627, 0.006562953349202871, 0.006563636939972639, 0.006564383395016193, 0.006561756134033203, 0.006560761947184801, 0.006560496520251036, 0.006560219917446375, 0.006560355890542269, 0.006560084875673056, 0.0065601300448179245, 0.006560124922543764, 0.006560252979397774, 0.006560247857123613, 0.006559938192367554, 0.006560178007930517, 0.006559953559190035, 0.006559985689818859, 0.0065597230568528175, 0.006559938192367554, 0.006559820845723152, 0.006559852976351976, 0.006559648551046848, 0.0065596760250627995, 0.006559760309755802, 0.006559631787240505, 0.006560012232512236, 0.006559764035046101, 0.006559358909726143, 0.006559551693499088, 0.0065597244538366795, 0.006559502333402634], "val_loss": [0.027541959658265114, 0.013523217290639877, 0.012702446430921555, 0.01238802820444107, 0.01224253885447979, 0.01206668559461832, 0.011822447180747986, 0.011691018007695675, 0.011346117593348026, 0.011126606725156307, 0.010658010840415955, 0.010692012496292591, 0.010338728316128254, 0.010183198377490044, 0.010163555853068829, 0.010223593562841415, 0.010122084058821201, 0.01010342687368393, 0.01002613827586174, 0.010074630379676819, 0.0100857550278306, 0.009871807880699635, 0.009904826991260052, 0.009936850517988205, 0.010025196708738804, 0.010003802366554737, 0.009781114757061005, 0.009883440099656582, 0.009741703048348427, 0.009744719602167606, 0.010001834481954575, 0.009768006391823292, 0.00982628483325243, 0.009921292774379253, 0.009702742099761963, 0.009691249579191208, 0.009839378297328949, 0.009637318551540375, 0.00966056901961565, 0.009686245582997799, 0.009729195386171341, 0.009594636969268322, 0.009692645631730556, 0.009672116488218307, 0.009779468178749084, 0.009610393084585667, 0.009621706791222095, 0.00974293053150177, 0.009619682095944881, 0.009570739232003689, 0.009535413235425949, 0.009560988284647465, 0.009576559998095036, 0.009546139277517796, 0.00964047759771347, 0.009570794180035591, 0.009552828967571259, 0.009555446915328503, 0.009546576999127865, 0.009524447843432426, 0.009548328816890717, 0.00955203641206026, 0.009553019888699055, 0.009553506039083004, 0.009555485099554062, 0.009551017545163631, 0.009558620862662792, 0.009546496905386448, 0.00955907627940178, 0.0095521230250597, 0.009571213275194168, 0.009563365951180458, 0.009558157995343208, 0.009556838311254978, 0.009555201977491379, 0.009554564021527767, 0.009553139097988605, 0.009552930481731892, 0.009553137235343456, 0.00955231674015522, 0.00955402385443449, 0.00955324899405241, 0.00955380592495203, 0.009553267620503902, 0.009553846903145313, 0.009553132578730583, 0.009553312323987484, 0.009553425945341587, 0.009552756324410439, 0.009553268551826477, 0.009552817791700363, 0.009552793577313423, 0.009552293457090855, 0.009552435018122196, 0.009551819413900375, 0.009553051553666592, 0.009552019648253918, 0.009551954455673695, 0.009552937932312489, 0.009552258998155594], "lr": [0.0010000000474974513, 0.0010000000474974513, 0.0010000000474974513, 0.0010000000474974513, 0.0010000000474974513, 0.0010000000474974513, 0.0010000000474974513, 0.0010000000474974513, 0.0010000000474974513, 0.0010000000474974513, 0.0010000000474974513, 0.0010000000474974513, 0.0010000000474974513, 0.0010000000474974513, 0.0010000000474974513, 0.0010000000474974513, 0.0010000000474974513, 0.0010000000474974513, 0.0010000000474974513, 0.0010000000474974513, 0.0010000000474974513, 0.0010000000474974513, 0.0010000000474974513, 0.0010000000474974513, 0.0010000000474974513, 0.0010000000474974513, 0.0010000000474974513, 0.0010000000474974513, 0.0010000000474974513, 0.0010000000474974513, 0.0010000000474974513, 0.0010000000474974513, 0.0010000000474974513, 0.0010000000474974513, 0.0010000000474974513, 0.0010000000474974513, 0.0010000000474974513, 0.0010000000474974513, 0.0010000000474974513, 0.0010000000474974513, 0.0010000000474974513, 0.0010000000474974513, 0.0010000000474974513, 0.0010000000474974513, 0.0010000000474974513, 0.0010000000474974513, 0.0010000000474974513, 0.0010000000474974513, 0.00010000000474974513, 0.00010000000474974513, 0.00010000000474974513, 0.00010000000474974513, 0.00010000000474974513, 0.00010000000474974513, 0.00010000000474974513, 0.00010000000474974513, 0.00010000000474974513, 0.00010000000474974513, 0.00010000000474974513, 0.00010000000474974513, 0.00010000000474974513, 1.0000000656873453e-05, 1.0000000656873453e-05, 1.0000000656873453e-05, 1.0000000656873453e-05, 1.0000000656873453e-05, 1.0000000656873453e-05, 1.0000000656873453e-05, 1.0000000656873453e-05, 1.0000000656873453e-05, 1.0000000656873453e-05, 1.0000001111620804e-06, 1.0000001111620804e-06, 1.0000001111620804e-06, 1.0000001111620804e-06, 1.0000001111620804e-06, 1.0000001111620804e-06, 1.0000001111620804e-06, 1.0000001111620804e-06, 1.0000001111620804e-06, 1.0000001111620804e-06, 9.999999974752427e-07, 9.999999974752427e-07, 9.999999974752427e-07, 9.999999974752427e-07, 9.999999974752427e-07, 9.999999974752427e-07, 9.999999974752427e-07, 9.999999974752427e-07, 9.999999974752427e-07, 9.999999974752427e-07, 9.999999974752427e-07, 9.999999974752427e-07, 9.999999974752427e-07, 9.999999974752427e-07, 9.999999974752427e-07, 9.999999974752427e-07, 9.999999974752427e-07, 9.999999974752427e-07, 9.999999974752427e-07]}