{"loss": [0.17322374880313873, 0.016837792471051216, 0.013019592501223087, 0.01243627443909645, 0.012117484584450722, 0.011794733814895153, 0.011367905884981155, 0.01058899238705635, 0.009554105810821056, 0.008673470467329025, 0.007886948063969612, 0.0073783802799880505, 0.0070581804029643536, 0.006895536091178656, 0.006667627952992916, 0.006502864416688681, 0.006462132092565298, 0.00634769257158041, 0.006213200278580189, 0.006305687129497528, 0.006270530167967081, 0.006104378495365381, 0.006131483241915703, 0.005959251429885626, 0.005980524234473705, 0.0060423812828958035, 0.005893646273761988, 0.00588270602747798, 0.005891656968742609, 0.00574979605153203, 0.005758665502071381, 0.005682121496647596, 0.005747674964368343, 0.005697179120033979, 0.005814294796437025, 0.005768992938101292, 0.005754131358116865, 0.005672994535416365, 0.005663419608026743, 0.005611815955489874, 0.005693837068974972, 0.005571258254349232, 0.005539377219974995, 0.005382246803492308, 0.005381240975111723, 0.005374917294830084, 0.005371557082980871, 0.005370986647903919, 0.005367038771510124, 0.005358532071113586, 0.005371983163058758, 0.005364522337913513, 0.005355296656489372, 0.0053466991521418095, 0.005344034172594547, 0.005344143602997065, 0.005342553369700909, 0.0053429133258759975, 0.005343267228454351, 0.005342472344636917, 0.005340780597180128, 0.005341426935046911, 0.005343481432646513, 0.005338573828339577, 0.005338411312550306, 0.0053383284248411655, 0.005338636692613363, 0.0053382557816803455, 0.005338243208825588, 0.005338167306035757, 0.005338104907423258, 0.0053381468169391155, 0.005338265094906092, 0.005338266957551241, 0.005338006652891636, 0.005338056944310665, 0.005337991751730442, 0.005338130984455347, 0.005337886977940798, 0.005337834358215332, 0.005337913054972887, 0.00533778453245759, 0.005337754730135202, 0.005337660200893879, 0.005337548907846212, 0.005337947979569435, 0.00533800246194005, 0.005338035523891449, 0.005337567999958992, 0.005337647162377834, 0.005337468348443508, 0.005337373353540897, 0.005337344482541084, 0.005337326787412167, 0.005337551701813936, 0.005337131675332785, 0.005337605718523264, 0.005337050184607506, 0.005337078589946032, 0.005337143782526255], "val_loss": [0.029897700995206833, 0.015328711830079556, 0.014418683014810085, 0.014110156334936619, 0.013895486481487751, 0.013650273904204369, 0.013458162546157837, 0.013187723234295845, 0.013051695190370083, 0.012961368076503277, 0.01269147451967001, 0.013002102263271809, 0.012796670198440552, 0.01264146063476801, 0.012400108389556408, 0.012441212311387062, 0.0123522924259305, 0.012479430064558983, 0.01265878789126873, 0.012271753512322903, 0.012132593430578709, 0.01232936605811119, 0.012390234507620335, 0.012424246408045292, 0.012161006219685078, 0.012403448112308979, 0.012321169488132, 0.012029514648020267, 0.01236336212605238, 0.012216925621032715, 0.012318233028054237, 0.012118333950638771, 0.011841624043881893, 0.012093662284314632, 0.012520338408648968, 0.012371247634291649, 0.012066971510648727, 0.01185506209731102, 0.012166169472038746, 0.012140320613980293, 0.012122202664613724, 0.012119881808757782, 0.0119013711810112, 0.012005175463855267, 0.011919891461730003, 0.011896678246557713, 0.011941692791879177, 0.011941200122237206, 0.011944451369345188, 0.011937383562326431, 0.011881920509040356, 0.01188846118748188, 0.0120144197717309, 0.011964104138314724, 0.011937031522393227, 0.011941223405301571, 0.011928161606192589, 0.011929331347346306, 0.011925267986953259, 0.011924179270863533, 0.011909027583897114, 0.011934603564441204, 0.01192387007176876, 0.011921783909201622, 0.01192200742661953, 0.01192198134958744, 0.01192167866975069, 0.011921605095267296, 0.011922226287424564, 0.01192357949912548, 0.011921383440494537, 0.011921449564397335, 0.011923162266612053, 0.011922145262360573, 0.01192291360348463, 0.011921665631234646, 0.011921452358365059, 0.01192342210561037, 0.011922870762646198, 0.011922123841941357, 0.011922210454940796, 0.011922887526452541, 0.011922536417841911, 0.011920250952243805, 0.011921992525458336, 0.011921629309654236, 0.011922292411327362, 0.011920937336981297, 0.011923749931156635, 0.011922387406229973, 0.011921427212655544, 0.011923129670321941, 0.011922908946871758, 0.01192227192223072, 0.011922340840101242, 0.011923378333449364, 0.011922343634068966, 0.01192190870642662, 0.0119237145408988, 0.011922664009034634], "lr": [0.0010000000474974513, 0.0010000000474974513, 0.0010000000474974513, 0.0010000000474974513, 0.0010000000474974513, 0.0010000000474974513, 0.0010000000474974513, 0.0010000000474974513, 0.0010000000474974513, 0.0010000000474974513, 0.0010000000474974513, 0.0010000000474974513, 0.0010000000474974513, 0.0010000000474974513, 0.0010000000474974513, 0.0010000000474974513, 0.0010000000474974513, 0.0010000000474974513, 0.0010000000474974513, 0.0010000000474974513, 0.0010000000474974513, 0.0010000000474974513, 0.0010000000474974513, 0.0010000000474974513, 0.0010000000474974513, 0.0010000000474974513, 0.0010000000474974513, 0.0010000000474974513, 0.0010000000474974513, 0.0010000000474974513, 0.0010000000474974513, 0.0010000000474974513, 0.0010000000474974513, 0.0010000000474974513, 0.0010000000474974513, 0.0010000000474974513, 0.0010000000474974513, 0.0010000000474974513, 0.0010000000474974513, 0.0010000000474974513, 0.0010000000474974513, 0.0010000000474974513, 0.0010000000474974513, 0.00010000000474974513, 0.00010000000474974513, 0.00010000000474974513, 0.00010000000474974513, 0.00010000000474974513, 0.00010000000474974513, 0.00010000000474974513, 0.00010000000474974513, 0.00010000000474974513, 0.00010000000474974513, 1.0000000656873453e-05, 1.0000000656873453e-05, 1.0000000656873453e-05, 1.0000000656873453e-05, 1.0000000656873453e-05, 1.0000000656873453e-05, 1.0000000656873453e-05, 1.0000000656873453e-05, 1.0000000656873453e-05, 1.0000000656873453e-05, 1.0000001111620804e-06, 1.0000001111620804e-06, 1.0000001111620804e-06, 1.0000001111620804e-06, 1.0000001111620804e-06, 1.0000001111620804e-06, 1.0000001111620804e-06, 1.0000001111620804e-06, 1.0000001111620804e-06, 1.0000001111620804e-06, 9.999999974752427e-07, 9.999999974752427e-07, 9.999999974752427e-07, 9.999999974752427e-07, 9.999999974752427e-07, 9.999999974752427e-07, 9.999999974752427e-07, 9.999999974752427e-07, 9.999999974752427e-07, 9.999999974752427e-07, 9.999999974752427e-07, 9.999999974752427e-07, 9.999999974752427e-07, 9.999999974752427e-07, 9.999999974752427e-07, 9.999999974752427e-07, 9.999999974752427e-07, 9.999999974752427e-07, 9.999999974752427e-07, 9.999999974752427e-07, 9.999999974752427e-07, 9.999999974752427e-07, 9.999999974752427e-07, 9.999999974752427e-07, 9.999999974752427e-07, 9.999999974752427e-07, 9.999999974752427e-07]}